IQ,CGPA,Communication_Skill,Technical_Skill,Extracurricular_Activity,Internship_Experience,Leadership_Skill,Placement
141.0,6.7,2,4,7,4,3,1
52.0,6.1,8,3,7,2,4,0
103.0,4.9,7,3,10,4,5,1
132.0,5.1,8,5,3,3,7,0
139.0,4.0,3,1,1,1,9,1
120.0,6.9,7,10,3,5,2,1
37.0,5.1,10,3,5,3,8,0
128.0,5.4,9,6,7,4,3,0
154.0,5.3,3,3,4,3,9,1
154.0,4.9,10,5,1,5,10,1
132.0,6.8,6,9,6,1,4,1
87.0,8.5,2,2,2,5,3,1
121.0,4.9,2,2,3,4,10,0
151.0,3.5,5,6,4,5,6,0
175.0,4.0,5,6,6,3,10,1
106.0,5.4,7,8,6,2,9,0
132.0,4.8,2,2,7,3,7,1
112.0,6.0,7,9,5,4,4,1
149.0,5.0,5,2,7,1,3,1
106.0,4.0,6,1,2,5,10,0
128.0,5.2,8,10,1,1,4,0
112.0,6.3,10,2,10,4,3,0
120.0,5.7,4,7,8,5,3,0
139.0,7.5,7,8,1,3,9,0
169.0,6.6,6,5,2,3,4,0
130.0,6.6,10,6,10,4,9,1
151.0,4.9,2,1,6,5,10,0
149.0,6.3,8,6,1,3,5,1
138.0,5.8,10,8,10,4,7,1
110.0,6.2,9,3,3,4,5,0
79.0,8.5,5,1,7,1,1,1
114.0,4.9,10,4,8,3,2,1
112.0,7.4,4,1,4,5,5,0
112.0,6.5,6,8,3,3,6,1
90.0,4.8,8,5,1,3,7,0
103.0,6.8,3,1,9,3,2,1
137.0,4.7,10,8,10,4,10,0
137.0,6.1,1,9,6,2,9,1
114.0,6.2,4,10,6,2,6,0
137.0,8.5,4,2,9,1,2,1
233.0,4.9,1,9,1,3,2,1
141.0,8.3,9,8,6,2,3,0
128.0,6.0,3,7,5,1,1,1
121.0,4.8,5,3,6,4,9,1
233.0,4.8,6,2,8,3,10,1
143.0,6.1,8,7,5,5,4,0
120.0,7.6,6,5,2,4,5,1
116.0,7.5,3,6,2,1,7,0
160.0,4.7,6,4,10,4,1,1
183.0,4.4,1,2,5,5,3,0
132.0,6.8,4,9,3,4,3,1
149.0,5.7,6,3,10,1,2,0
112.0,7.0,7,7,3,5,8,1
116.0,4.7,10,8,8,5,5,1
156.0,7.0,3,2,7,4,1,1
151.0,5.8,9,6,1,5,2,1
175.0,7.5,7,8,5,4,1,0
106.0,5.7,1,7,9,3,6,0
130.0,4.8,2,3,4,5,9,0
112.0,6.4,1,1,1,4,7,0
112.0,7.5,9,6,8,3,5,1
127.0,6.4,9,8,5,5,3,1
141.0,5.1,7,6,2,3,8,1
63.0,6.5,10,5,1,5,10,1
114.0,5.1,3,8,3,1,4,0
163.0,8.3,5,2,9,1,9,0
50.0,4.7,4,1,1,4,5,0
196.0,4.4,7,1,4,2,6,1
90.0,4.9,9,4,8,1,5,0
135.0,8.5,2,6,8,2,10,1
132.0,6.8,8,9,10,3,7,0
106.0,7.3,9,1,8,3,7,1
48.0,7.5,10,1,10,2,1,1
168.0,6.2,10,5,8,4,2,0
132.0,7.8,9,10,4,5,7,0
168.0,7.5,10,5,8,2,8,0
52.0,5.4,7,5,9,2,4,0
102.0,6.1,9,10,7,2,6,0
183.0,6.6,9,6,2,2,10,0
151.0,5.0,3,8,9,2,3,1
141.0,5.4,4,3,8,4,7,1
149.0,7.0,2,9,5,1,3,1
61.0,7.3,10,1,3,5,7,0
137.0,5.7,3,4,7,1,8,0
116.0,8.5,5,9,2,2,3,0
42.0,6.1,5,8,3,1,2,1
161.0,5.4,6,10,9,4,6,1
103.0,3.9,7,9,4,3,4,1
132.0,6.7,7,1,4,1,8,1
50.0,5.2,1,9,3,5,2,0
128.0,5.7,2,3,5,4,4,0
137.0,6.1,9,10,3,3,2,0
146.0,5.2,10,9,9,4,2,0
169.0,6.3,2,1,3,2,2,1
90.0,6.6,6,1,2,3,1,0
107.0,5.4,1,9,5,5,4,0
175.0,5.0,3,6,6,3,2,0
87.0,6.4,2,4,1,5,9,1
91.0,6.1,3,7,6,2,9,1
149.0,5.7,5,5,10,5,7,0
112.0,6.5,10,10,3,4,6,1
134.0,6.6,6,7,4,1,3,1
90.0,5.4,9,8,6,4,7,0
103.0,4.0,10,8,8,4,1,0
61.0,5.3,4,1,9,3,9,1
64.0,5.1,7,8,6,2,4,0
149.0,4.9,6,6,7,1,6,0
127.0,5.7,2,4,5,5,6,0
156.0,5.7,10,8,9,3,3,1
132.0,6.6,8,3,4,2,4,1
123.0,4.0,7,4,10,1,10,1
63.0,4.4,7,6,6,4,3,1
132.0,5.7,8,7,5,2,6,0
102.0,6.9,1,4,1,2,1,0
45.0,6.9,1,4,5,2,8,1
196.0,4.9,8,7,5,4,8,0
63.0,7.0,4,6,9,5,9,0
163.0,5.4,5,8,1,3,6,1
163.0,5.0,8,1,5,5,1,0
139.0,6.3,5,10,7,1,3,1
142.0,5.8,10,7,6,3,1,1
134.0,7.0,4,7,6,1,5,1
124.0,4.9,6,7,7,4,3,0
143.0,4.7,5,7,6,5,2,0
116.0,6.9,7,10,5,2,3,0
132.0,6.9,10,10,10,3,9,0
138.0,6.7,7,8,5,2,8,0
149.0,6.0,4,9,9,1,3,1
139.0,6.5,5,9,8,2,2,1
161.0,7.6,3,2,10,2,5,0
120.0,4.9,4,7,4,4,1,0
137.0,6.5,4,7,4,4,4,0
132.0,5.8,3,4,10,5,8,0
140.0,6.6,10,9,5,1,1,0
141.0,5.2,5,8,3,4,5,1
166.0,6.7,5,1,8,4,4,1
110.0,8.5,7,2,7,5,6,1
163.0,8.5,4,2,5,3,7,0
64.0,6.7,4,8,10,5,9,1
114.0,7.0,9,1,3,2,1,1
50.0,4.9,6,4,5,2,10,1
121.0,5.7,4,10,3,4,4,1
123.0,5.8,2,5,10,4,6,1
142.0,5.9,6,9,5,5,10,1
151.0,7.1,2,7,1,5,7,1
116.0,6.1,5,8,6,1,7,1
199.0,8.1,6,9,10,2,8,1
156.0,4.9,4,7,4,5,10,1
81.0,6.7,3,5,4,3,8,0
103.0,5.1,7,5,8,1,8,1
151.0,3.5,2,10,2,5,8,1
114.0,6.5,6,6,4,4,8,0
155.0,5.8,4,5,2,5,6,1
233.0,4.8,6,9,1,4,9,0
102.0,5.7,4,3,10,4,3,1
182.0,4.6,4,3,3,2,6,0
141.0,8.1,4,7,8,2,5,1
182.0,4.8,9,7,6,5,8,1
132.0,8.0,7,6,7,5,4,0
200.0,5.1,3,3,2,3,4,1
120.0,6.3,3,7,6,1,10,1
103.0,6.3,6,5,8,1,10,1
89.0,6.0,6,7,8,5,5,1
90.0,6.6,4,2,4,2,6,0
90.0,6.3,9,6,6,3,4,0
139.0,3.9,4,8,5,1,2,1
109.0,5.7,9,1,9,5,2,0
127.0,6.6,4,4,8,2,3,1
79.0,5.2,2,1,2,2,2,1
166.0,5.0,2,1,7,2,1,0
124.0,5.0,5,10,7,4,8,1
166.0,5.8,4,8,1,2,5,1
114.0,6.1,7,7,1,5,10,0
61.0,5.7,5,10,4,3,1,0
137.0,6.1,6,1,5,5,9,1
65.0,5.8,10,2,4,2,8,1
48.0,7.5,4,4,7,3,4,1
124.0,6.4,2,1,3,1,8,0
124.0,7.0,10,3,7,1,10,1
141.0,4.6,9,8,8,5,7,0
130.0,6.5,10,8,6,3,7,0
112.0,6.0,7,8,6,5,1,1
137.0,5.0,4,6,8,3,6,0
154.0,6.0,3,6,8,3,4,0
112.0,8.1,10,5,7,5,10,0
149.0,4.7,3,9,6,3,10,1
137.0,5.3,9,4,6,2,10,0
103.0,6.1,5,10,10,3,2,1
123.0,6.8,3,7,6,3,10,1
199.0,4.4,5,1,8,5,7,1
137.0,5.4,2,9,1,1,9,1
155.0,6.3,4,7,5,4,5,0
121.0,7.1,10,10,3,3,8,1
120.0,6.5,2,9,8,4,5,0
132.0,4.8,2,7,6,3,7,1
199.0,4.9,8,2,2,5,7,1
156.0,4.4,1,6,7,5,9,0
137.0,5.4,7,10,7,3,3,0
140.0,7.6,5,4,5,5,1,1
103.0,4.0,8,3,8,5,2,1
233.0,4.0,1,2,5,3,6,0
141.0,3.5,7,6,1,1,10,0
87.0,6.0,5,8,9,3,10,0
81.0,6.9,4,6,4,1,9,0
79.0,4.9,7,9,2,5,3,1
109.0,5.0,10,5,4,1,10,0
182.0,4.7,2,2,9,5,2,0
132.0,7.5,1,8,2,1,1,0
141.0,4.9,1,9,4,1,2,0
137.0,6.8,1,10,2,3,3,1
130.0,5.7,5,4,5,1,7,1
141.0,6.1,10,6,3,5,2,1
138.0,6.4,7,10,10,3,5,0
160.0,6.1,2,8,2,1,2,1
106.0,5.3,10,9,9,3,7,1
121.0,6.1,8,5,5,4,10,0
114.0,5.2,4,6,10,3,8,1
196.0,5.4,3,4,5,4,8,1
79.0,5.4,10,5,1,4,8,1
106.0,4.8,8,7,6,3,10,0
106.0,7.5,2,9,7,5,9,1
112.0,8.5,3,10,1,5,1,0
168.0,6.9,3,6,9,5,1,1
128.0,5.9,10,6,8,2,10,1
182.0,5.7,1,8,8,4,2,1
103.0,6.5,6,4,7,3,6,0
123.0,5.3,2,3,5,5,1,0
100.0,5.3,1,7,3,5,5,0
106.0,7.0,2,5,9,3,5,1
175.0,4.6,6,2,7,4,4,0
141.0,7.0,4,2,10,3,5,0
151.0,7.5,6,6,10,2,1,1
109.0,6.8,9,8,8,2,6,1
120.0,5.0,10,1,6,3,7,0
109.0,3.9,10,6,5,4,8,1
118.0,5.2,8,2,8,5,2,1
141.0,7.4,1,2,3,2,7,0
154.0,6.8,8,7,7,2,6,0
114.0,8.5,9,10,2,4,9,0
224.0,4.0,6,1,3,2,8,1
149.0,3.9,10,6,2,2,4,0
87.0,6.1,5,7,5,4,9,0
75.0,6.9,6,8,7,3,1,0
113.0,6.0,6,7,10,5,6,1
120.0,6.0,9,6,10,5,8,1
166.0,5.1,4,9,1,2,4,1
45.0,6.8,2,3,10,5,2,1
176.0,6.0,9,6,9,3,2,0
103.0,6.6,2,4,1,2,10,0
116.0,7.0,10,2,1,5,1,1
79.0,5.4,9,1,10,1,5,1
120.0,6.0,2,1,8,1,6,0
90.0,7.4,8,10,6,1,4,0
52.0,6.0,9,3,6,1,4,0
121.0,4.7,10,4,9,1,5,0
132.0,8.0,9,2,4,2,5,0
79.0,7.0,10,1,8,4,9,1
90.0,4.0,9,4,4,4,8,1
100.0,4.7,2,7,2,2,9,1
151.0,5.3,4,10,8,2,3,1
96.0,4.4,7,6,7,3,3,1
100.0,5.0,2,6,4,4,1,0
132.0,4.7,1,9,9,1,10,1
182.0,5.2,3,2,9,2,6,0
127.0,6.0,4,4,8,1,4,1
141.0,5.0,8,5,1,4,8,0
139.0,5.8,6,1,7,5,2,1
146.0,6.3,2,8,5,5,2,0
160.0,6.9,9,8,7,2,7,1
107.0,7.5,2,6,9,3,5,0
123.0,5.2,5,5,2,1,1,1
45.0,6.1,4,8,4,2,7,0
112.0,5.4,7,3,4,3,7,1
65.0,7.1,8,3,2,1,10,0
149.0,6.5,5,2,3,4,6,0
135.0,4.8,10,5,8,5,4,0
120.0,6.8,5,3,9,3,8,0
128.0,6.0,2,3,6,1,2,1
200.0,8.1,8,6,10,2,2,1
114.0,5.3,2,8,2,1,2,0
143.0,7.3,10,2,2,2,3,0
176.0,5.7,6,4,7,5,6,0
151.0,5.7,8,7,8,5,1,0
112.0,6.7,6,1,8,1,2,1
106.0,5.8,4,1,6,1,10,1
123.0,5.3,4,10,10,2,2,1
161.0,4.8,6,7,8,2,1,1
138.0,7.5,4,7,1,3,3,0
75.0,7.0,8,1,9,3,10,1
140.0,4.9,9,1,1,3,7,1
109.0,6.6,1,4,3,1,1,1
156.0,6.0,4,5,9,3,7,0
100.0,4.9,4,5,5,1,5,1
161.0,7.3,2,4,9,5,9,1
90.0,7.0,6,8,9,4,2,1
121.0,5.7,3,7,6,5,1,0
132.0,4.8,7,9,1,1,9,0
87.0,4.8,5,7,10,1,8,0
168.0,6.0,4,10,7,4,10,1
139.0,4.9,5,1,6,2,6,0
87.0,3.5,8,7,9,2,5,0
154.0,5.3,3,1,7,2,8,1
132.0,5.4,7,7,4,3,8,0
90.0,6.5,6,10,7,2,5,1
149.0,6.7,1,8,2,3,7,0
130.0,6.1,7,9,6,3,1,1
149.0,4.9,7,3,6,2,4,0
121.0,5.2,1,4,2,2,2,0
52.0,7.1,9,4,4,4,10,1
183.0,5.2,6,9,8,4,3,0
107.0,4.0,2,7,8,3,1,0
166.0,6.0,5,3,8,4,2,0
168.0,6.8,4,10,8,3,1,1
163.0,6.1,7,5,1,1,8,1
90.0,7.3,8,7,2,3,4,0
139.0,4.8,1,8,4,3,3,1
134.0,7.0,5,1,9,4,1,1
139.0,7.5,3,2,3,1,2,1
118.0,5.1,1,7,6,5,3,0
139.0,6.0,3,2,7,5,3,1
116.0,8.1,6,7,8,5,6,1
120.0,6.3,7,9,7,1,10,1
161.0,4.6,8,2,3,2,8,0
132.0,6.0,4,7,6,1,6,0
63.0,5.3,3,4,5,4,2,0
143.0,6.5,5,2,10,3,2,1
96.0,8.5,9,7,4,3,7,0
224.0,7.3,6,5,1,4,1,0
139.0,5.2,9,1,7,4,1,0
161.0,6.8,6,5,8,3,7,1
169.0,6.1,2,3,2,2,9,1
79.0,5.1,5,7,7,2,5,0
166.0,6.0,9,6,6,2,1,1
151.0,6.9,8,8,5,4,5,0
112.0,7.4,7,5,4,3,1,0
149.0,6.5,1,2,2,3,10,0
233.0,4.7,4,9,10,3,9,1
168.0,5.3,7,8,6,1,4,1
63.0,8.1,7,6,5,1,9,0
199.0,6.1,6,10,2,5,2,1
199.0,6.0,8,7,10,1,7,0
113.0,6.6,6,9,7,2,2,0
120.0,6.3,10,7,6,2,4,0
112.0,6.1,3,3,9,2,6,0
103.0,7.0,4,6,10,2,2,0
124.0,6.0,3,7,5,5,2,0
128.0,6.4,1,2,9,2,2,1
103.0,6.2,10,3,9,4,3,1
75.0,4.8,5,4,1,4,5,0
139.0,5.2,1,10,5,4,9,1
161.0,6.5,1,6,9,1,6,0
100.0,6.1,2,1,7,3,9,1
132.0,6.3,4,9,6,5,10,0
163.0,4.9,6,5,6,4,5,1
128.0,6.1,8,7,7,4,6,0
138.0,5.4,3,9,1,2,10,1
224.0,4.4,1,9,4,4,8,1
141.0,7.1,3,1,1,2,3,0
112.0,7.3,3,1,6,2,2,0
112.0,4.9,5,3,4,3,3,1
52.0,8.0,4,6,1,1,9,0
66.0,7.3,4,2,9,2,6,1
48.0,6.7,9,10,4,2,10,1
140.0,6.0,7,1,6,3,4,0
87.0,8.1,4,1,7,2,10,0
52.0,6.4,3,5,8,5,3,0
66.0,6.2,6,4,9,1,2,1
175.0,6.1,3,1,9,5,4,0
42.0,7.3,6,4,8,4,9,1
112.0,4.8,9,3,10,1,4,1
103.0,4.0,6,2,3,4,5,0
102.0,7.0,4,9,2,2,8,0
169.0,7.3,5,1,5,3,2,1
109.0,7.5,6,7,1,5,3,1
128.0,4.7,3,4,3,4,6,0
139.0,4.6,8,5,1,2,7,0
96.0,5.7,4,10,3,5,4,0
183.0,6.4,8,5,4,5,1,1
121.0,5.0,10,1,7,4,7,0
42.0,5.1,10,6,5,2,9,0
168.0,7.1,3,9,5,3,1,0
130.0,5.2,10,2,1,4,1,1
96.0,6.5,7,7,8,5,1,1
66.0,3.5,9,6,4,5,10,1
87.0,5.3,4,5,10,1,7,1
109.0,5.4,8,4,5,2,9,0
114.0,4.0,3,4,2,1,3,0
166.0,7.3,7,6,1,3,8,1
120.0,6.0,3,4,9,4,9,0
166.0,7.5,7,5,2,5,3,0
199.0,7.5,10,6,6,2,3,1
106.0,6.3,10,5,1,5,1,0
151.0,7.3,6,7,1,1,2,0
224.0,6.0,2,9,9,1,7,0
139.0,7.3,3,10,4,4,3,1
156.0,4.0,6,7,9,2,7,0
89.0,5.3,4,7,5,2,5,0
161.0,6.4,6,4,7,4,10,0
160.0,8.1,1,1,1,1,8,1
52.0,7.0,10,8,6,1,5,1
114.0,6.9,1,4,8,1,3,1
91.0,6.8,3,1,1,5,9,1
135.0,4.6,8,5,9,3,7,1
121.0,4.9,8,8,3,1,5,1
87.0,7.0,4,4,1,3,7,0
139.0,6.1,6,8,1,3,10,1
112.0,6.3,8,8,6,2,9,1
143.0,7.0,7,3,6,4,5,1
65.0,4.8,7,9,1,5,7,1
90.0,4.4,4,3,3,3,9,1
61.0,6.4,9,1,7,5,1,1
132.0,6.7,10,2,10,2,4,0
64.0,7.0,6,6,3,1,1,1
63.0,6.3,3,10,3,3,8,1
176.0,8.0,5,2,3,4,3,1
116.0,7.3,5,6,7,2,2,0
169.0,6.8,5,1,4,5,4,1
128.0,4.9,8,1,4,1,3,1
103.0,5.0,9,5,3,5,5,0
112.0,5.0,9,10,10,4,8,1
113.0,7.5,6,9,9,3,10,1
166.0,5.0,6,8,2,4,8,1
109.0,5.9,9,3,4,5,7,0
128.0,5.8,4,3,8,5,8,0
102.0,4.9,6,1,6,4,5,1
166.0,6.4,4,3,7,4,10,1
233.0,5.1,1,1,7,4,10,0
121.0,5.2,7,8,2,1,6,0
130.0,7.3,10,1,4,5,8,0
102.0,5.2,6,5,10,2,1,1
137.0,7.0,9,9,10,1,6,0
151.0,6.9,7,7,6,1,6,0
130.0,4.8,7,4,3,1,5,0
130.0,6.0,2,9,9,2,4,0
166.0,6.3,9,9,4,4,1,1
138.0,5.4,10,2,10,5,10,0
141.0,5.7,9,10,2,3,8,1
114.0,6.6,6,10,6,3,6,0
120.0,4.0,3,6,1,5,3,1
103.0,5.2,1,4,6,2,3,1
168.0,5.2,4,8,10,3,6,0
112.0,6.9,3,7,1,1,7,1
103.0,6.8,1,7,8,3,8,0
63.0,7.0,3,10,5,5,5,0
175.0,7.3,4,9,6,1,10,0
112.0,6.9,8,5,2,3,6,1
142.0,6.1,9,6,2,5,1,1
118.0,5.0,3,1,9,2,6,1
48.0,4.8,6,6,3,5,9,1
182.0,4.9,10,2,6,2,10,1
200.0,6.7,5,6,10,1,4,1
114.0,5.7,6,9,5,5,10,0
141.0,4.3,4,8,4,4,1,1
146.0,7.0,10,9,10,4,9,0
141.0,5.0,6,10,2,4,4,1
176.0,7.5,7,8,8,4,2,0
139.0,5.1,9,3,10,4,1,0
112.0,5.3,10,8,7,2,3,0
100.0,4.6,7,6,2,5,7,0
224.0,4.8,6,6,6,1,10,0
102.0,8.3,1,6,8,4,2,0
100.0,4.8,2,3,7,4,9,0
112.0,6.0,1,10,1,1,2,0
130.0,5.3,9,1,5,1,5,0
141.0,6.1,10,4,2,4,8,1
151.0,4.0,10,10,6,2,10,1
151.0,5.0,9,6,7,1,8,0
137.0,4.8,7,10,7,5,3,0
120.0,5.2,2,2,3,5,2,0
156.0,7.1,6,7,7,2,9,0
138.0,6.6,4,7,5,3,3,0
123.0,3.5,1,4,8,2,8,1
130.0,8.1,1,4,8,4,2,0
123.0,5.2,5,1,7,3,3,0
149.0,5.2,2,2,6,4,1,1
182.0,3.5,4,9,2,5,6,1
161.0,7.4,1,10,6,1,7,0
149.0,6.4,4,8,9,4,4,0
123.0,6.3,6,8,2,5,1,0
176.0,7.5,10,9,1,2,3,1
139.0,6.0,4,7,5,4,9,0
128.0,7.4,1,9,6,5,5,0
102.0,7.1,7,10,3,1,6,0
75.0,4.8,2,2,8,4,4,1
151.0,7.5,9,6,7,5,1,0
52.0,6.9,3,3,2,4,5,0
96.0,5.8,8,6,7,1,5,1
169.0,8.1,8,3,1,4,5,1
91.0,5.7,3,8,9,4,6,0
176.0,6.0,4,4,7,5,2,1
233.0,7.3,2,10,6,3,1,0
166.0,6.4,4,6,2,4,2,0
65.0,6.8,9,9,3,3,10,0
90.0,6.1,2,2,1,2,6,1
50.0,5.1,3,2,10,4,5,0
112.0,8.1,4,7,5,3,5,1
75.0,7.1,5,2,9,2,6,1
114.0,5.8,1,2,6,5,10,1
200.0,4.7,7,4,5,4,7,1
137.0,5.4,10,9,3,5,9,1
75.0,5.2,7,8,5,2,7,1
169.0,6.9,9,2,8,5,2,1
176.0,6.9,4,8,2,5,6,0
151.0,7.1,6,4,5,1,9,1
151.0,4.9,2,2,6,2,7,0
161.0,7.0,4,10,10,5,2,1
169.0,5.0,2,7,8,3,3,0
160.0,6.5,10,6,8,2,8,1
139.0,7.0,5,10,5,1,9,0
200.0,6.1,7,5,9,4,4,0
120.0,5.2,1,1,4,5,9,0
66.0,6.3,10,2,9,3,2,0
75.0,4.6,10,8,7,1,5,0
149.0,6.4,7,1,6,2,2,0
141.0,4.8,10,3,4,5,1,0
42.0,5.2,6,2,2,1,5,0
66.0,7.5,6,5,8,1,2,1
100.0,7.8,8,4,6,3,7,1
130.0,6.6,8,7,3,4,8,1
182.0,5.4,6,5,7,4,2,0
123.0,6.9,3,8,10,4,7,0
75.0,6.6,5,4,7,2,4,0
132.0,6.0,2,6,6,1,1,0
176.0,7.3,5,4,2,2,3,1
87.0,5.0,9,2,8,1,1,0
90.0,7.6,10,1,1,3,5,1
106.0,5.2,1,1,1,3,8,1
112.0,4.4,10,8,6,2,1,1
109.0,4.9,5,4,5,2,9,1
110.0,6.5,6,5,9,3,3,0
130.0,5.7,7,8,7,5,5,0
87.0,6.6,9,7,2,4,9,0
138.0,6.3,6,8,7,4,5,0
135.0,7.3,5,8,3,3,9,0
163.0,8.3,7,6,1,4,10,0
139.0,6.1,1,10,8,5,8,0
139.0,5.7,5,2,3,5,7,0
139.0,5.7,2,6,8,1,1,0
233.0,6.6,4,1,7,2,4,0
89.0,4.9,7,1,2,4,9,1
138.0,5.2,5,3,1,5,10,1
96.0,5.7,6,3,7,2,8,1
64.0,6.6,2,5,1,2,4,0
139.0,3.5,3,1,6,1,1,1
146.0,8.0,7,10,10,2,10,0
61.0,6.5,2,6,10,2,4,0
89.0,6.4,6,7,8,3,3,0
141.0,4.9,5,10,7,1,6,1
90.0,6.5,10,3,4,1,5,0
139.0,5.4,1,4,1,4,5,1
138.0,6.3,10,10,1,2,2,1
42.0,6.0,4,10,4,4,3,0
66.0,4.0,2,10,5,5,6,1
106.0,6.0,4,10,7,2,2,1
163.0,4.9,1,10,4,5,4,1
128.0,6.0,2,3,10,3,2,0
196.0,7.5,8,1,1,2,9,0
151.0,6.8,6,8,10,4,3,0
63.0,4.6,2,10,7,4,10,1
52.0,4.0,6,10,2,2,10,0
91.0,4.8,10,2,2,4,6,1
61.0,6.1,9,1,8,2,1,0
151.0,6.1,7,8,10,1,10,0
149.0,6.9,9,7,10,4,3,0
143.0,6.9,5,7,10,2,8,0
118.0,6.9,7,4,5,2,5,1
130.0,7.0,7,9,10,4,8,0
154.0,7.5,3,6,2,1,2,1
90.0,4.9,7,2,5,4,7,1
90.0,7.5,1,1,8,2,9,1
149.0,4.0,9,1,6,1,7,1
120.0,5.0,10,9,3,5,3,1
90.0,4.7,6,4,8,3,7,1
66.0,7.3,5,5,9,4,8,1
116.0,6.0,7,3,5,2,1,0
87.0,5.1,5,4,2,1,3,0
128.0,7.0,10,8,2,1,5,0
138.0,5.3,5,4,7,5,6,0
90.0,5.1,10,9,1,4,3,0
107.0,6.6,7,9,10,1,4,1
182.0,5.3,10,6,2,5,5,1
87.0,7.5,7,2,10,2,3,1
120.0,5.4,3,10,4,5,4,1
137.0,3.3,3,7,1,4,5,1
182.0,8.1,10,9,4,5,2,1
140.0,5.0,3,6,10,1,10,1
138.0,6.8,6,3,5,1,9,0
141.0,7.0,6,7,9,3,10,1
139.0,6.8,3,5,1,5,8,0
120.0,5.4,3,1,5,2,6,0
149.0,4.0,8,3,2,4,10,0
112.0,6.0,8,5,9,3,3,1
224.0,4.6,7,7,6,5,2,0
137.0,7.5,10,3,2,2,7,0
130.0,4.4,4,6,3,3,8,1
149.0,4.8,4,5,8,1,10,1
166.0,6.1,3,1,1,4,1,1
139.0,4.9,5,10,3,5,6,0
79.0,6.5,3,6,10,2,7,1
100.0,5.9,8,8,1,1,9,0
138.0,6.0,7,1,8,3,3,1
138.0,5.2,3,2,1,4,2,0
139.0,4.9,9,4,5,3,5,1
100.0,8.1,5,2,4,3,10,0
169.0,3.5,9,9,7,2,1,0
156.0,6.7,7,10,5,1,6,1
127.0,4.9,7,8,8,5,9,0
124.0,5.1,6,8,1,2,10,0
50.0,6.4,2,4,5,4,9,1
42.0,5.4,9,5,4,3,7,0
141.0,3.5,6,4,3,4,7,0
37.0,7.3,8,9,5,2,8,1
176.0,6.5,1,2,10,2,10,0
75.0,6.0,5,8,3,5,2,0
138.0,5.3,1,2,8,3,6,1
121.0,7.5,10,1,3,2,5,1
141.0,8.5,8,10,1,4,5,1
169.0,7.0,8,3,9,5,3,1
175.0,5.9,1,9,9,4,3,1
120.0,5.2,9,3,6,3,6,1
176.0,8.1,2,9,10,5,10,1
65.0,5.3,9,7,1,5,10,0
160.0,5.1,1,10,8,5,7,1
175.0,6.8,10,1,2,1,1,0
114.0,4.6,9,10,9,5,3,0
130.0,5.9,4,5,8,4,1,0
160.0,4.9,9,9,3,4,10,0
116.0,4.9,7,3,5,3,3,1
42.0,6.9,6,9,9,2,5,0
142.0,4.8,5,5,1,2,9,1
163.0,7.0,9,9,9,1,3,1
128.0,6.4,2,10,4,5,10,0
52.0,7.5,2,6,4,1,10,1
154.0,6.1,9,9,4,3,9,0
183.0,4.9,3,7,10,3,1,1
169.0,5.7,8,7,9,2,6,0
156.0,7.3,9,8,6,3,9,0
61.0,6.6,8,7,8,5,5,1
130.0,4.7,4,9,4,4,10,1
224.0,4.7,1,9,3,3,2,1
143.0,4.9,4,6,1,1,5,1
66.0,4.7,9,7,10,5,1,1
139.0,8.1,2,2,7,3,9,1
146.0,6.0,3,9,4,3,10,0
114.0,6.6,10,1,8,5,10,0
156.0,8.3,8,1,3,3,9,1
135.0,3.3,6,3,1,4,6,0
199.0,6.8,8,6,5,2,9,1
166.0,6.3,7,5,2,5,3,1
142.0,7.5,5,2,3,1,4,0
90.0,7.3,9,9,6,3,6,0
140.0,7.0,4,10,3,2,4,0
149.0,7.0,6,4,3,1,1,1
37.0,4.8,2,4,6,1,7,0
63.0,6.7,2,5,5,4,5,0
64.0,3.9,2,8,10,2,8,1
166.0,6.9,10,10,9,5,9,0
224.0,6.9,7,4,1,2,5,1
127.0,6.0,2,5,3,2,8,1
149.0,6.8,2,4,3,1,1,1
61.0,6.1,9,6,6,4,1,1
132.0,4.9,7,3,8,4,7,0
90.0,6.0,3,8,3,2,6,1
120.0,4.9,3,6,3,2,5,1
128.0,6.7,7,10,6,3,5,0
100.0,5.2,5,5,8,1,9,0
139.0,3.9,10,2,6,5,1,1
168.0,6.1,6,10,10,5,8,0
160.0,6.2,8,10,3,4,2,0
110.0,7.0,9,7,4,1,7,1
61.0,4.7,1,2,1,4,6,1
151.0,6.5,3,1,8,5,10,0
100.0,6.0,7,7,4,2,2,0
160.0,7.8,6,5,6,1,3,1
96.0,6.0,7,1,3,1,4,0
61.0,5.7,8,4,6,3,7,1
139.0,5.7,6,4,9,2,8,1
112.0,5.0,3,10,9,2,2,0
130.0,5.7,2,7,10,4,8,0
132.0,7.8,7,9,3,1,9,0
112.0,7.0,1,2,3,4,7,0
132.0,7.0,3,1,4,2,1,0
139.0,5.3,4,2,7,3,6,0
160.0,5.2,1,7,3,1,8,1
123.0,4.0,5,10,10,2,5,1
121.0,5.2,10,6,8,3,2,1
155.0,4.9,3,4,8,5,5,0
112.0,4.8,2,1,6,2,8,1
137.0,3.3,3,1,4,5,2,0
102.0,7.5,8,5,5,4,1,1
121.0,4.8,6,1,2,5,4,0
114.0,7.6,7,7,6,2,4,1
139.0,4.7,6,1,3,5,9,1
149.0,7.3,6,1,6,1,3,1
48.0,6.0,3,2,5,2,4,0
130.0,6.6,8,10,2,3,3,0
141.0,8.1,7,3,5,5,2,1
61.0,6.3,7,1,5,1,4,1
109.0,4.0,6,9,9,4,8,0
61.0,5.0,5,10,8,4,1,0
139.0,6.0,10,8,7,5,8,1
114.0,5.2,8,5,3,4,8,1
120.0,7.8,5,2,10,3,3,1
90.0,4.8,9,5,4,2,10,1
169.0,7.0,9,6,6,1,10,0
154.0,7.6,1,1,3,5,6,0
90.0,7.4,6,4,9,4,4,1
100.0,5.4,7,9,8,2,1,0
132.0,4.0,3,2,6,3,1,1
65.0,7.0,7,5,4,4,5,1
183.0,5.7,7,1,7,4,8,0
114.0,8.0,2,4,3,1,1,0
138.0,6.9,7,4,10,3,2,0
116.0,6.7,1,6,8,3,7,1
103.0,7.5,5,10,1,5,8,1
128.0,7.4,9,9,3,1,3,0
123.0,5.0,7,3,5,5,8,0
168.0,7.0,7,9,5,1,1,1
121.0,6.0,2,6,10,3,9,0
176.0,6.3,8,7,2,1,2,0
128.0,7.3,3,10,10,1,2,1
65.0,3.5,8,2,8,1,4,1
154.0,5.4,3,10,5,2,10,0
138.0,7.1,10,6,7,2,3,0
61.0,8.0,7,6,7,3,4,1
182.0,6.1,2,2,5,1,6,0
176.0,7.0,4,2,8,3,7,0
132.0,5.4,6,2,9,2,5,0
169.0,5.7,9,10,4,1,2,0
87.0,5.4,5,1,4,5,3,0
124.0,4.8,9,5,8,2,10,1
63.0,5.1,5,8,1,2,3,1
112.0,7.1,10,2,4,2,5,0
90.0,5.0,8,5,6,1,5,1
151.0,3.3,1,8,4,4,4,1
63.0,7.3,7,10,6,5,8,0
130.0,5.2,4,5,5,5,6,1
112.0,4.9,5,2,9,3,6,0
135.0,8.0,6,3,10,1,1,1
124.0,5.3,5,6,9,2,6,1
112.0,5.2,1,5,4,4,3,0
134.0,4.3,9,4,4,1,6,1
128.0,7.1,2,4,8,1,10,1
199.0,5.0,9,5,10,4,6,0
102.0,4.0,10,2,4,2,2,1
224.0,5.7,2,9,2,1,1,1
116.0,6.6,9,2,2,5,3,0
139.0,5.4,6,10,1,5,5,0
130.0,6.0,9,2,5,4,4,1
155.0,5.8,6,10,6,2,7,1
112.0,7.0,6,9,9,4,4,1
90.0,5.1,2,3,5,1,8,1
139.0,3.5,8,10,6,5,7,1
66.0,5.3,3,7,6,3,10,0
163.0,5.4,7,4,3,4,9,1
48.0,6.7,5,6,4,3,1,1
107.0,3.9,3,4,1,3,5,1
75.0,3.5,1,10,4,5,4,1
114.0,5.7,8,7,1,4,6,1
121.0,6.0,3,1,5,3,1,1
166.0,6.6,2,3,8,1,6,1
66.0,6.8,1,3,8,2,1,1
114.0,6.0,4,1,5,2,1,1
112.0,5.0,8,6,10,5,8,1
142.0,6.8,3,9,2,4,2,1
139.0,7.5,1,8,6,4,10,1
64.0,6.0,4,7,1,2,6,1
183.0,4.7,9,10,7,1,6,0
182.0,6.3,1,8,4,2,6,1
138.0,5.4,2,6,5,2,8,0
45.0,6.7,9,9,6,4,4,1
169.0,6.0,2,3,1,3,3,0
91.0,6.2,3,10,9,1,6,0
102.0,3.5,7,10,10,4,4,1
149.0,5.2,3,9,4,2,2,1
166.0,6.3,9,4,8,3,6,0
79.0,5.4,6,7,5,1,10,1
199.0,5.8,3,9,8,5,5,0
138.0,4.7,9,2,1,1,9,0
155.0,4.0,1,2,8,1,6,0
139.0,5.7,10,9,4,2,3,0
113.0,5.7,3,3,2,2,5,1
123.0,5.0,1,9,6,5,10,0
120.0,6.0,2,5,2,5,8,0
141.0,5.8,8,6,5,5,9,1
48.0,5.2,7,2,2,4,8,0
112.0,6.8,2,8,3,4,3,0
196.0,4.0,2,9,6,2,9,0
75.0,6.3,9,2,1,2,3,1
42.0,7.3,6,6,6,5,8,1
142.0,6.7,5,6,3,4,10,1
121.0,6.0,10,8,7,3,9,1
175.0,8.3,6,10,2,4,7,1
120.0,7.5,9,5,6,2,4,0
175.0,5.3,7,9,8,4,10,0
140.0,6.9,10,1,1,2,9,0
61.0,6.6,10,9,9,5,3,1
61.0,6.0,9,10,5,5,3,1
37.0,7.5,4,7,5,5,2,0
224.0,5.8,2,4,5,3,10,0
169.0,4.9,8,3,6,3,3,0
50.0,7.8,4,10,2,2,1,1
116.0,5.2,9,6,6,1,4,1
123.0,4.9,4,1,4,3,8,1
233.0,6.0,8,3,8,2,5,1
61.0,6.9,9,2,9,4,2,1
155.0,8.5,9,9,9,5,3,1
132.0,5.2,10,3,8,5,1,0
137.0,4.0,4,2,3,5,2,1
64.0,5.0,1,4,10,2,1,1
109.0,5.2,3,2,4,5,2,1
149.0,4.8,9,1,1,3,3,1
112.0,4.3,4,6,9,4,1,0
42.0,8.5,5,10,5,5,9,0
132.0,6.4,7,8,6,2,10,0
160.0,6.2,5,10,3,4,5,0
91.0,6.7,4,10,10,5,8,0
149.0,7.0,2,2,8,1,5,1
168.0,7.3,2,9,7,5,8,1
121.0,5.7,4,3,1,3,7,0
135.0,4.9,10,8,10,4,4,0
138.0,6.1,10,8,5,3,7,0
64.0,7.0,9,3,10,1,6,0
168.0,6.7,8,3,9,1,3,1
142.0,6.3,3,6,6,3,9,0
200.0,4.9,9,1,8,4,10,1
200.0,3.5,5,4,10,1,9,0
65.0,7.0,3,1,1,1,5,1
224.0,7.3,5,3,10,5,8,1
114.0,7.3,10,9,7,2,7,0
120.0,5.4,4,5,3,1,9,0
81.0,7.5,8,5,9,4,7,0
169.0,3.5,5,4,6,4,4,0
116.0,5.3,10,3,5,5,4,1
166.0,7.4,8,5,8,4,8,1
154.0,5.7,9,4,8,5,6,0
233.0,4.8,4,8,3,1,9,0
149.0,5.2,7,4,2,1,10,0
128.0,7.3,2,8,2,1,7,0
113.0,6.1,6,6,5,1,7,1
149.0,7.5,8,5,10,2,4,0
135.0,4.9,7,4,7,2,3,1
113.0,4.9,7,4,8,1,8,0
107.0,4.4,8,4,10,4,7,0
112.0,4.3,7,9,8,5,4,1
81.0,6.1,5,4,8,3,4,0
110.0,4.0,7,9,10,5,1,0
233.0,6.0,10,10,3,3,7,1
102.0,8.1,3,6,2,3,1,0
113.0,6.9,5,10,4,1,10,1
141.0,8.0,7,7,1,3,10,1
149.0,4.0,9,10,3,1,4,0
103.0,5.4,2,3,9,2,3,0
132.0,5.3,4,8,7,4,3,1
81.0,6.9,7,3,7,3,1,0
112.0,7.6,1,1,1,4,4,0
233.0,6.5,2,10,7,1,1,1
196.0,4.3,9,5,10,3,8,0
142.0,7.1,10,2,7,5,1,0
90.0,5.2,7,10,4,2,6,1
132.0,5.8,10,6,7,2,7,1
66.0,7.6,7,10,8,3,10,0
114.0,6.9,6,9,3,2,2,0
224.0,8.3,3,1,10,5,4,0
61.0,5.1,10,4,2,4,3,0
224.0,5.4,3,1,7,5,9,1
130.0,6.3,2,1,5,2,7,1
132.0,6.6,6,8,5,4,2,1
75.0,6.5,4,2,5,5,6,1
149.0,4.8,5,1,7,1,9,1
48.0,8.1,3,8,9,1,3,0
175.0,4.9,6,4,8,4,6,0
166.0,4.7,3,3,6,4,3,1
155.0,4.8,8,4,7,4,3,0
89.0,7.8,9,5,9,1,4,1
154.0,7.0,4,1,6,5,9,1
120.0,6.1,9,1,1,4,8,0
141.0,6.8,7,3,4,1,1,1
90.0,5.3,3,6,8,4,1,1
42.0,4.8,7,1,7,4,7,0
154.0,4.0,1,2,3,4,3,1
176.0,5.0,3,7,10,1,7,1
63.0,5.0,6,1,3,5,9,1
132.0,6.3,4,7,3,1,3,0
132.0,7.0,7,4,1,1,3,1
114.0,5.7,3,10,10,4,2,1
121.0,6.9,1,6,1,3,10,1
96.0,7.0,9,8,6,3,1,0
182.0,6.8,6,9,1,3,9,1
96.0,4.7,8,6,5,1,6,1
199.0,5.7,3,9,4,4,6,0
52.0,6.8,8,4,5,3,8,0
109.0,6.1,2,6,7,2,5,1
135.0,5.7,4,8,6,2,9,1
139.0,5.4,3,9,9,2,5,0
233.0,5.0,10,3,6,5,2,0
100.0,5.8,1,2,9,4,6,0
120.0,4.8,7,6,4,1,9,0
142.0,7.3,10,4,1,1,3,0
107.0,6.8,2,1,1,4,10,0
112.0,6.8,4,8,10,5,4,1
114.0,4.8,9,9,7,4,10,1
139.0,8.1,6,9,3,5,8,1
151.0,6.0,8,2,2,3,6,1
120.0,4.9,2,9,6,3,7,1
120.0,6.1,7,7,6,5,7,0
123.0,6.0,6,5,7,4,4,0
142.0,6.0,9,7,5,3,6,1
138.0,7.3,7,9,8,4,9,1
151.0,7.4,1,8,7,3,3,0
66.0,7.0,8,6,2,4,8,1
149.0,4.7,10,4,1,4,7,0
138.0,6.7,3,1,9,2,4,0
50.0,6.3,2,6,5,5,10,0
151.0,6.1,3,3,5,1,3,0
61.0,5.3,6,6,10,5,7,0
199.0,6.4,3,6,4,4,10,0
116.0,4.8,10,4,2,4,9,1
91.0,4.9,5,2,5,5,10,0
114.0,7.5,6,9,2,4,3,0
166.0,4.3,8,2,7,3,10,1
114.0,6.0,7,3,9,4,9,1
200.0,7.5,8,10,9,5,8,1
102.0,6.9,3,1,6,5,3,0
161.0,6.5,4,7,1,5,8,0
139.0,5.1,6,1,6,2,4,0
196.0,8.1,7,9,5,2,6,1
91.0,4.6,9,1,4,2,10,0
90.0,5.2,1,5,6,2,2,1
123.0,6.0,8,7,6,2,8,1
63.0,5.1,8,3,6,2,9,1
141.0,4.8,6,9,2,2,7,1
81.0,8.1,4,8,7,5,8,0
114.0,8.1,3,3,4,1,7,0
114.0,4.9,3,5,9,2,10,1
166.0,5.4,6,7,10,5,4,1
116.0,7.8,8,4,2,1,1,0
151.0,7.6,7,5,5,2,3,1
124.0,6.0,1,3,4,1,7,1
128.0,6.5,6,9,9,1,7,0
50.0,6.9,7,10,4,3,3,1
132.0,5.0,7,9,8,4,1,0
106.0,5.1,9,7,8,3,10,0
91.0,7.3,10,10,6,1,9,1
116.0,6.4,5,2,6,5,6,1
79.0,7.0,1,7,8,2,7,1
114.0,5.2,2,7,10,4,1,1
143.0,7.0,4,5,9,2,1,0
121.0,6.5,5,9,5,5,4,0
120.0,7.0,9,3,1,4,7,1
183.0,5.2,1,4,1,3,8,0
149.0,7.0,3,1,2,1,10,1
103.0,7.0,5,6,10,5,9,1
128.0,5.4,3,4,10,1,1,0
149.0,6.6,4,1,5,1,4,1
124.0,4.0,3,2,4,2,4,1
61.0,7.0,4,3,1,5,3,0
160.0,4.0,1,9,4,1,7,1
65.0,6.1,8,8,4,3,1,1
224.0,4.7,4,7,10,4,9,1
166.0,5.8,7,4,4,5,8,0
151.0,7.6,2,1,1,2,2,1
141.0,4.9,2,8,9,5,2,1
121.0,6.4,6,4,3,2,8,0
224.0,4.9,2,3,4,4,1,1
139.0,3.9,6,9,5,3,7,1
130.0,7.3,2,10,7,1,9,0
121.0,4.9,4,4,6,5,3,1
118.0,5.1,7,4,5,2,7,1
66.0,6.2,8,9,8,4,6,1
96.0,6.1,3,2,1,1,7,1
183.0,8.3,9,5,7,4,7,1
166.0,4.8,2,4,6,3,10,0
149.0,5.2,8,9,5,1,1,0
63.0,3.9,8,5,7,1,3,0
146.0,6.4,4,9,3,1,10,0
37.0,5.4,1,9,1,2,1,1
114.0,6.0,1,2,9,1,5,1
134.0,7.0,2,9,2,4,3,1
48.0,4.7,9,3,10,2,1,1
141.0,6.1,2,4,3,1,2,0
91.0,7.1,2,1,8,4,10,1
128.0,7.0,6,1,10,4,5,0
113.0,6.0,7,1,9,5,3,1
79.0,7.4,7,9,3,4,6,1
114.0,4.9,9,8,6,3,9,0
79.0,8.0,6,5,7,1,6,1
120.0,5.1,8,5,1,1,2,1
139.0,5.0,6,9,7,1,2,0
175.0,5.4,2,3,4,4,8,0
151.0,6.9,1,3,5,4,8,0
120.0,7.6,5,7,8,1,6,0
120.0,7.3,9,9,4,2,10,0
120.0,6.0,8,6,4,2,7,0
132.0,5.4,4,2,8,3,1,0
200.0,6.7,5,1,5,5,9,0
154.0,6.7,5,2,6,3,5,1
137.0,4.8,6,1,5,1,9,1
137.0,6.6,3,10,1,1,2,0
200.0,6.1,5,10,7,1,8,1
42.0,6.1,2,9,6,5,7,0
87.0,4.7,10,10,2,4,4,0
141.0,5.2,1,8,7,5,3,0
156.0,5.0,1,7,6,3,4,0
121.0,3.3,10,3,5,4,4,0
128.0,4.3,7,8,8,4,10,0
146.0,5.8,2,2,5,3,10,0
90.0,8.1,4,2,2,4,8,1
87.0,4.9,5,10,6,2,4,1
42.0,5.1,7,3,1,3,5,1
48.0,5.7,2,7,5,3,2,1
166.0,5.4,6,1,6,2,4,1
130.0,5.0,1,8,7,5,7,1
112.0,4.9,7,7,2,5,3,0
154.0,7.1,9,4,1,5,1,1
132.0,4.0,5,5,6,4,8,0
81.0,6.8,5,10,3,2,8,0
48.0,6.3,4,1,5,3,6,0
200.0,5.2,3,4,2,3,7,1
233.0,6.0,9,1,1,3,10,1
137.0,6.0,5,1,1,4,2,1
65.0,7.0,8,10,4,4,5,1
166.0,4.0,9,1,10,5,7,1
81.0,6.1,5,7,2,4,9,1
154.0,7.0,10,7,1,5,1,0
63.0,6.0,9,4,6,5,3,1
91.0,6.8,2,2,4,3,6,0
233.0,5.0,9,3,10,4,7,1
61.0,6.2,4,8,7,5,6,0
141.0,5.4,6,8,6,2,1,1
142.0,6.1,6,6,5,2,4,0
120.0,3.5,6,10,10,4,6,1
91.0,5.4,2,9,2,3,8,0
118.0,6.5,7,9,5,3,10,1
100.0,6.6,6,4,9,5,4,0
130.0,8.5,1,1,9,4,7,0
103.0,7.8,2,1,2,2,3,1
132.0,4.8,7,10,7,5,8,1
138.0,3.5,1,5,10,5,1,0
114.0,5.7,1,2,4,1,4,1
123.0,5.2,1,6,3,4,8,0
151.0,6.5,8,7,1,5,10,1
116.0,5.1,4,1,3,2,4,1
128.0,4.9,4,6,9,1,2,0
149.0,5.2,2,8,9,2,2,0
140.0,7.0,1,5,7,3,4,1
45.0,4.8,10,7,3,1,4,0
155.0,7.3,9,10,3,1,2,0
121.0,4.4,7,6,4,5,7,1
139.0,6.4,4,4,7,3,6,1
48.0,5.1,6,7,7,5,3,1
135.0,5.3,2,10,2,4,8,1
66.0,4.9,7,9,5,2,8,1
142.0,5.7,2,10,7,2,1,1
120.0,6.6,10,10,7,5,3,1
66.0,5.4,8,7,6,2,5,1
141.0,7.0,8,5,10,2,2,1
106.0,4.7,1,7,10,4,5,1
139.0,6.0,8,3,8,3,10,0
146.0,5.2,2,2,3,1,3,0
106.0,5.0,6,5,1,5,9,1
130.0,5.3,1,4,3,5,1,0
64.0,4.7,5,5,2,4,4,1
102.0,6.8,7,8,2,4,10,1
116.0,7.3,10,4,2,1,6,0
224.0,6.6,1,9,5,3,9,1
156.0,7.5,2,7,1,5,3,0
154.0,6.5,7,10,10,4,3,1
103.0,6.5,6,7,4,5,5,0
87.0,6.9,3,8,10,2,7,0
149.0,5.7,10,6,5,5,5,1
163.0,5.4,2,8,2,3,8,1
200.0,5.2,10,3,5,3,5,1
42.0,5.2,4,10,10,5,7,0
138.0,6.0,3,10,4,2,6,0
75.0,4.9,7,1,8,3,10,0
137.0,6.3,8,6,1,4,2,1
112.0,5.3,2,1,5,5,3,0
135.0,3.3,10,9,10,2,4,0
50.0,7.3,7,2,1,4,5,1
154.0,6.3,8,2,10,5,9,0
156.0,6.3,6,7,10,2,6,1
149.0,5.4,6,2,4,4,1,1
169.0,5.4,10,10,8,3,3,1
163.0,5.4,1,8,1,5,7,1
123.0,6.2,4,6,2,5,8,1
146.0,7.6,1,7,1,3,7,0
128.0,5.9,4,7,7,1,5,0
151.0,5.1,2,6,2,4,10,1
112.0,6.1,5,10,1,3,8,0
128.0,7.3,10,9,6,5,9,1
52.0,8.1,9,9,6,4,7,1
132.0,6.7,10,7,10,4,9,0
45.0,8.3,3,9,2,1,1,1
116.0,7.8,8,10,1,5,9,0
112.0,5.8,3,3,10,2,3,1
112.0,4.4,6,3,3,1,6,1
163.0,6.2,4,1,10,1,8,0
169.0,5.1,8,5,5,2,3,0
140.0,7.5,6,4,6,2,4,0
142.0,6.0,8,2,3,1,7,1
37.0,6.1,1,9,9,4,7,1
50.0,5.7,6,3,5,3,4,1
91.0,5.0,1,8,2,3,9,1
137.0,5.7,1,6,10,1,3,1
132.0,6.8,8,5,6,4,8,1
149.0,3.3,7,1,8,2,8,1
114.0,5.3,3,4,6,1,4,0
149.0,6.0,6,3,4,5,7,0
183.0,8.5,9,1,6,4,4,1
146.0,6.8,7,5,8,5,1,0
132.0,6.6,3,6,8,5,1,0
160.0,6.0,6,2,10,1,1,1
116.0,8.3,4,3,2,4,2,0
109.0,8.3,3,6,8,5,6,1
233.0,7.0,9,4,6,4,10,1
149.0,6.2,10,9,2,3,5,0
103.0,6.6,2,5,1,5,2,0
120.0,6.3,1,4,6,5,8,1
102.0,5.4,2,2,7,4,9,1
103.0,6.1,7,6,10,3,7,0
103.0,6.6,10,10,5,5,9,0
121.0,8.3,1,2,10,1,4,0
224.0,5.1,6,7,8,4,7,1
103.0,7.0,7,3,9,4,5,1
166.0,6.8,9,9,4,5,5,1
50.0,5.3,8,5,7,3,3,1
175.0,7.0,6,8,8,5,9,1
233.0,4.9,3,6,6,2,10,0
160.0,6.0,8,10,2,5,5,1
233.0,5.4,7,8,7,2,6,0
120.0,5.7,3,3,9,1,3,1
48.0,4.7,9,3,5,4,10,0
96.0,5.9,2,5,2,4,7,1
143.0,5.8,3,10,4,3,9,1
233.0,4.9,2,3,3,5,9,0
132.0,6.2,1,8,4,1,10,1
114.0,6.4,4,10,10,2,10,1
128.0,5.1,5,8,7,3,5,0
103.0,4.8,6,2,10,1,7,1
90.0,4.7,5,4,8,1,3,0
139.0,5.3,1,10,1,2,6,1
200.0,5.2,3,1,8,2,8,1
199.0,6.9,1,4,5,4,8,1
90.0,8.3,5,4,7,5,2,1
90.0,4.7,5,10,1,3,6,0
149.0,5.2,6,9,2,5,7,1
65.0,7.6,8,3,1,3,7,1
103.0,4.7,10,2,5,1,3,1
199.0,6.2,1,9,6,2,9,0
141.0,4.8,4,9,10,2,2,0
139.0,4.9,10,1,9,1,3,1
118.0,7.0,1,6,8,1,2,0
166.0,7.5,9,10,7,3,9,1
166.0,6.0,7,8,5,1,4,1
66.0,5.1,7,3,3,3,2,0
142.0,5.3,5,9,9,5,3,0
61.0,4.9,7,2,5,2,4,0
103.0,7.5,2,6,3,2,10,0
149.0,6.5,4,1,3,2,6,0
139.0,4.8,7,7,3,5,5,1
128.0,7.0,3,3,6,5,3,1
114.0,7.0,2,7,1,4,10,0
132.0,5.4,10,4,4,3,8,0
141.0,8.0,2,9,8,3,8,0
114.0,5.3,1,5,3,4,7,0
103.0,6.8,5,3,5,2,3,1
90.0,6.0,6,8,2,3,1,1
63.0,5.7,6,6,2,3,5,1
142.0,7.1,9,2,7,2,1,0
90.0,5.7,4,3,10,1,6,1
114.0,4.3,1,8,3,1,7,0
118.0,4.3,6,10,5,4,5,0
169.0,4.7,5,7,3,5,4,1
61.0,7.0,10,10,6,3,2,1
106.0,6.4,6,6,10,3,5,1
199.0,6.5,3,1,3,4,9,1
42.0,5.7,2,9,8,4,4,0
90.0,6.1,6,3,2,3,2,1
90.0,6.9,1,5,3,2,6,1
91.0,5.1,7,7,8,2,8,0
89.0,6.5,7,7,8,5,2,0
199.0,7.6,10,3,1,3,9,1
75.0,6.2,7,4,8,3,7,1
132.0,4.9,10,10,10,3,2,0
45.0,5.7,1,7,2,3,5,0
61.0,6.2,4,8,7,4,5,0
149.0,3.5,7,2,6,1,7,1
48.0,7.3,9,9,2,3,5,0
132.0,3.9,5,7,5,1,6,0
120.0,6.7,2,8,7,2,9,0
114.0,5.0,7,6,8,5,3,0
151.0,4.4,10,6,3,2,3,0
66.0,5.1,1,9,1,3,8,0
138.0,4.4,7,4,7,2,10,0
151.0,6.1,6,5,5,4,6,0
139.0,7.5,7,9,5,1,10,1
137.0,5.8,10,1,7,3,3,0
107.0,8.0,3,4,1,4,2,0
149.0,7.4,3,7,8,1,2,0
103.0,6.9,7,9,10,4,2,0
112.0,5.2,2,10,5,2,5,0
89.0,5.2,1,6,8,3,5,0
169.0,6.7,9,8,10,2,1,0
118.0,6.7,9,9,10,5,2,1
142.0,6.0,7,10,5,3,2,0
140.0,4.9,7,4,7,2,4,0
132.0,6.1,3,1,10,3,7,1
112.0,5.1,10,8,3,1,3,1
128.0,6.8,2,2,2,3,5,0
156.0,4.9,7,1,6,3,9,1
233.0,7.4,9,7,5,1,5,1
90.0,4.9,1,10,9,2,9,1
50.0,6.1,4,9,10,3,1,0
146.0,5.8,6,9,4,4,9,0
134.0,7.8,7,3,3,3,5,1
166.0,4.3,10,6,9,2,8,1
45.0,7.5,7,7,8,1,5,0
120.0,5.4,10,10,6,2,6,1
123.0,6.7,2,9,1,5,8,0
66.0,6.1,4,2,10,3,2,1
120.0,3.9,5,8,1,3,3,1
151.0,6.0,1,7,6,1,9,0
90.0,7.1,1,4,3,3,5,1
168.0,5.2,10,2,3,4,5,0
128.0,8.0,3,8,6,4,9,1
65.0,4.9,10,5,3,2,10,0
123.0,6.3,3,6,10,1,3,0
102.0,6.1,8,7,6,5,4,0
168.0,5.0,9,10,5,2,7,1
141.0,4.7,1,1,4,1,2,1
146.0,5.1,2,8,8,1,8,0
103.0,7.5,10,4,2,2,5,1
120.0,6.5,2,9,7,2,1,0
114.0,6.0,4,1,4,3,3,1
116.0,4.9,2,2,2,5,9,1
175.0,7.0,7,6,7,4,5,1
156.0,6.1,9,10,1,3,8,1
61.0,5.0,7,1,4,1,1,0
141.0,4.7,6,4,9,5,7,1
65.0,6.0,10,8,4,5,7,1
91.0,6.7,1,10,3,2,8,0
134.0,7.0,10,5,10,5,3,0
163.0,6.6,9,9,10,5,1,1
102.0,5.3,5,6,2,1,9,1
121.0,4.8,5,1,3,3,1,0
151.0,5.7,6,6,1,5,6,0
154.0,8.3,9,6,10,2,9,1
149.0,4.8,8,6,8,3,2,1
106.0,6.1,8,8,1,2,4,0
143.0,5.3,8,6,3,5,2,0
107.0,7.6,1,5,3,3,4,1
110.0,6.0,1,2,2,5,2,0
149.0,5.0,8,4,5,1,1,1
110.0,5.8,5,10,10,3,3,0
224.0,7.5,9,5,3,2,8,0
89.0,4.8,2,10,3,1,5,0
79.0,6.7,9,4,8,4,4,1
233.0,8.3,8,2,4,2,5,0
168.0,7.0,9,7,4,5,6,1
87.0,5.4,4,10,3,2,6,1
121.0,8.1,1,10,1,4,5,1
127.0,7.0,1,2,8,2,6,1
141.0,6.7,5,1,1,1,9,0
120.0,6.1,2,5,7,2,5,0
132.0,4.3,8,1,5,3,6,0
139.0,6.9,10,1,4,4,4,1
138.0,6.6,5,1,4,2,3,1
90.0,6.0,5,6,8,4,6,0
102.0,4.0,2,9,6,1,5,1
151.0,7.1,7,10,1,3,4,1
91.0,8.1,8,1,10,5,5,1
124.0,7.3,10,5,8,2,7,1
169.0,5.8,1,9,2,1,1,0
138.0,7.3,2,9,6,4,1,0
127.0,5.4,10,1,9,4,1,0
196.0,7.3,4,8,1,1,2,0
130.0,4.9,5,1,6,2,9,0
138.0,6.0,2,8,8,5,5,0
132.0,5.4,1,1,10,2,9,0
166.0,4.7,9,5,2,3,5,1
112.0,6.8,1,8,5,2,7,1
102.0,5.3,4,6,6,3,6,1
139.0,6.8,2,9,5,4,2,0
138.0,7.1,4,1,3,3,3,1
127.0,5.2,8,9,4,5,5,1
123.0,5.0,8,1,7,1,4,1
182.0,6.8,9,10,4,3,6,0
139.0,7.0,5,10,9,2,8,1
200.0,4.9,7,3,10,3,8,0
128.0,6.7,3,1,2,4,3,1
233.0,4.9,10,3,5,3,4,0
114.0,5.4,4,2,8,5,1,1
37.0,6.0,10,2,5,3,2,1
137.0,4.7,9,9,10,5,9,0
109.0,6.0,10,8,8,2,10,0
112.0,8.5,10,1,8,4,10,0
90.0,4.9,1,4,9,1,2,0
138.0,5.1,2,1,10,2,6,0
61.0,5.0,5,1,6,2,7,0
52.0,6.3,3,4,4,1,6,0
112.0,5.2,2,2,3,3,8,0
176.0,7.8,1,3,5,3,9,0
146.0,6.3,10,9,6,3,8,0
100.0,8.0,3,2,3,4,5,0
183.0,4.9,1,4,2,2,8,0
123.0,7.3,1,1,7,5,10,0
50.0,4.8,1,2,5,1,10,0
114.0,6.0,8,5,9,2,9,0
166.0,4.4,3,10,3,3,8,1
112.0,3.3,1,1,8,1,2,0
200.0,4.0,7,7,6,5,2,1
149.0,5.1,10,4,4,2,3,0
233.0,6.4,3,6,9,2,7,0
102.0,5.4,8,8,5,4,9,1
132.0,5.0,4,6,10,2,8,1
123.0,7.1,4,2,6,2,9,1
63.0,7.4,5,1,9,5,6,1
90.0,5.2,6,8,7,5,1,0
141.0,8.0,7,8,5,1,4,0
121.0,6.7,4,9,2,3,6,0
109.0,5.2,8,6,4,5,6,1
66.0,7.6,6,1,2,1,8,0
61.0,6.5,1,9,3,2,1,0
37.0,8.1,1,3,10,1,2,0
149.0,6.0,9,6,3,1,2,0
103.0,5.0,10,10,4,1,6,0
128.0,5.4,6,10,6,1,7,0
141.0,5.0,10,9,3,5,2,1
112.0,6.8,8,3,10,3,5,1
109.0,4.3,7,5,1,1,6,0
135.0,6.2,6,5,1,4,4,0
143.0,6.8,4,10,9,2,1,1
52.0,7.0,7,7,9,2,3,1
63.0,7.6,9,4,5,2,10,0
64.0,6.5,10,4,9,2,9,0
65.0,4.9,10,7,7,2,6,0
96.0,8.0,7,9,9,1,2,1
132.0,7.5,1,4,7,3,9,0
128.0,5.7,10,4,9,4,4,0
79.0,5.8,9,6,2,5,8,1
132.0,5.2,4,6,8,4,10,0
168.0,5.8,3,7,7,5,7,0
96.0,6.8,4,1,6,5,3,1
233.0,6.1,4,3,5,4,8,1
103.0,5.7,10,9,4,1,4,0
112.0,4.9,2,6,7,2,2,1
63.0,6.8,1,6,3,1,5,0
149.0,7.5,10,5,8,2,1,0
163.0,6.0,1,3,2,3,8,1
182.0,5.4,8,5,1,5,8,0
132.0,7.6,2,1,2,4,3,1
50.0,5.7,10,3,9,3,1,1
109.0,5.7,5,4,5,2,4,1
66.0,5.4,4,5,8,1,9,0
176.0,8.1,8,10,3,4,9,1
118.0,6.4,2,9,7,5,1,0
140.0,6.1,10,4,2,3,7,0
168.0,5.2,9,3,8,5,6,0
169.0,7.3,7,10,7,2,7,1
116.0,7.1,7,1,5,5,7,0
42.0,7.0,1,10,4,1,8,0
141.0,5.2,2,6,1,3,8,1
161.0,6.9,4,7,5,3,10,1
107.0,5.4,4,10,9,1,2,1
143.0,7.5,3,8,10,5,4,0
61.0,5.1,7,1,4,1,4,0
143.0,6.2,8,4,9,4,10,0
139.0,6.1,2,5,2,1,8,0
120.0,8.3,4,2,4,5,3,0
169.0,7.0,3,1,9,1,3,0
100.0,6.0,2,8,4,2,2,0
100.0,6.8,6,6,5,1,1,1
90.0,3.9,4,5,8,1,8,0
90.0,4.4,6,9,1,5,9,0
112.0,5.2,2,2,1,4,9,1
107.0,6.3,4,10,9,4,8,0
106.0,6.9,6,8,9,5,5,0
123.0,7.5,5,10,4,5,1,1
114.0,5.2,3,9,2,5,9,1
75.0,6.8,8,1,9,2,6,1
132.0,4.8,7,7,4,3,7,0
45.0,6.3,3,8,6,1,8,0
106.0,7.3,6,3,1,5,5,1
96.0,4.9,4,4,9,5,6,1
128.0,7.3,5,3,5,5,7,1
138.0,5.2,5,7,3,4,7,0
132.0,3.3,7,9,4,5,2,0
142.0,7.5,5,3,1,1,1,0
140.0,5.2,3,6,9,5,8,1
149.0,7.5,10,8,8,1,5,1
200.0,7.0,5,6,4,2,10,0
156.0,7.3,7,2,2,3,2,1
113.0,5.4,5,7,9,4,3,1
175.0,5.0,5,2,4,1,6,1
141.0,7.0,9,2,9,2,10,0
166.0,6.8,3,2,10,3,6,0
87.0,6.5,6,1,3,3,8,1
196.0,5.0,1,1,7,3,5,0
61.0,5.2,10,7,7,1,5,1
112.0,5.1,5,5,10,2,7,0
79.0,5.1,8,3,4,5,10,0
128.0,8.0,5,1,2,2,5,0
182.0,6.7,9,10,9,2,9,0
196.0,4.9,6,6,4,2,6,1
196.0,5.8,8,1,8,1,7,1
116.0,7.0,10,9,2,1,8,1
156.0,5.2,8,2,8,1,5,1
146.0,7.1,3,1,10,2,4,1
166.0,6.7,7,7,5,1,8,0
121.0,4.9,7,6,7,3,10,1
116.0,5.2,10,6,7,1,9,0
151.0,5.0,6,5,9,4,1,1
132.0,4.0,7,4,3,1,3,1
91.0,6.0,2,4,10,1,4,0
130.0,7.8,9,3,4,1,7,1
90.0,3.5,10,10,10,1,6,1
113.0,6.6,10,8,4,4,10,0
128.0,6.3,1,7,10,5,10,0
140.0,4.8,1,9,5,1,1,1
154.0,5.0,3,1,6,3,4,1
120.0,4.0,3,7,3,4,6,1
183.0,4.8,1,10,4,5,3,0
169.0,6.3,7,4,3,1,2,0
114.0,5.3,4,7,2,5,2,1
134.0,6.3,10,1,10,3,10,1
149.0,5.0,2,5,9,4,4,1
149.0,4.6,10,3,1,4,1,0
224.0,5.8,5,5,2,5,10,1
140.0,6.6,6,4,8,1,2,0
121.0,7.3,9,2,7,2,10,0
169.0,7.4,4,4,1,4,2,1
128.0,4.9,2,3,5,2,4,1
166.0,7.5,5,1,10,4,4,0
169.0,6.1,3,10,6,1,1,0
199.0,5.2,2,8,5,1,7,0
65.0,5.0,1,5,4,4,7,1
128.0,4.9,10,4,1,5,10,0
48.0,4.0,2,10,7,1,10,0
110.0,6.0,6,5,9,1,10,1
146.0,6.0,8,4,6,3,1,0
113.0,7.3,3,3,3,1,8,1
138.0,5.0,9,5,10,3,10,1
175.0,6.1,9,4,4,1,7,0
127.0,6.3,2,1,10,1,7,1
66.0,5.7,8,3,5,5,6,1
61.0,6.8,10,10,1,5,4,1
224.0,6.9,5,10,5,1,8,1
91.0,4.7,4,8,1,4,2,0
169.0,7.0,10,7,9,4,7,0
112.0,4.6,5,2,7,1,3,0
137.0,6.0,4,1,3,4,3,1
66.0,6.9,8,3,9,1,7,0
128.0,6.8,4,5,2,5,3,0
106.0,6.7,10,10,7,2,5,0
168.0,5.2,6,1,9,3,8,1
64.0,4.7,2,3,6,4,4,0
233.0,4.7,5,3,10,4,7,1
175.0,7.4,6,5,5,5,7,1
90.0,6.9,5,3,7,4,2,0
91.0,6.0,2,9,6,1,8,0
90.0,6.1,7,1,5,1,10,0
120.0,6.6,4,4,2,2,10,1
45.0,5.1,8,10,8,2,9,0
146.0,7.0,7,10,7,2,6,1
45.0,4.9,7,4,6,1,5,0
90.0,4.0,9,1,5,2,1,1
79.0,4.7,1,2,5,2,1,0
160.0,7.0,10,1,9,1,9,1
168.0,7.3,6,6,1,5,4,1
113.0,4.9,6,3,9,4,1,1
141.0,6.1,6,7,6,3,10,1
87.0,4.8,6,5,4,1,3,0
151.0,8.3,10,9,10,1,6,1
75.0,8.5,7,7,7,3,8,0
114.0,6.1,10,4,9,3,10,0
139.0,5.1,6,5,5,2,2,0
90.0,4.6,1,5,5,3,8,1
132.0,5.7,3,5,8,4,1,0
37.0,8.1,2,10,7,4,2,0
196.0,5.7,6,9,8,4,8,1
137.0,6.9,8,10,10,4,7,0
113.0,7.5,3,3,2,4,5,1
116.0,5.3,10,6,9,2,10,0
91.0,3.5,8,8,3,1,2,0
166.0,5.8,8,9,6,3,9,1
116.0,5.3,5,7,6,1,5,1
116.0,5.0,8,3,2,3,8,0
146.0,7.5,6,1,7,2,4,0
224.0,4.8,5,4,9,2,9,1
123.0,8.1,9,6,10,5,10,0
149.0,6.8,7,3,1,5,7,1
139.0,4.9,8,1,8,2,2,1
89.0,4.0,1,6,2,2,3,1
114.0,5.4,2,1,1,3,2,1
121.0,5.1,8,9,8,2,5,1
160.0,6.5,9,1,2,1,2,1
163.0,5.4,4,6,6,3,5,0
121.0,7.0,10,1,6,2,9,0
141.0,7.3,10,7,5,3,2,0
233.0,4.7,9,3,8,3,9,0
200.0,7.0,4,6,3,4,7,0
113.0,3.5,10,7,10,5,7,1
138.0,7.3,10,1,4,3,5,1
100.0,6.1,10,1,7,3,8,0
141.0,5.3,9,5,7,4,7,1
79.0,6.2,7,6,8,2,6,1
138.0,6.5,2,9,2,3,2,0
139.0,5.1,9,1,2,4,6,1
224.0,7.1,4,4,4,1,2,0
61.0,5.7,8,10,10,4,1,0
65.0,8.3,7,8,9,5,9,0
141.0,6.6,7,10,10,5,5,0
114.0,6.1,8,9,9,2,10,0
138.0,5.1,1,3,4,2,10,1
137.0,8.0,5,2,9,5,4,1
90.0,7.6,2,4,3,5,8,1
132.0,5.4,2,2,5,3,5,0
37.0,4.9,1,1,10,5,7,1
63.0,3.9,5,3,9,2,3,0
42.0,8.0,2,7,6,5,8,0
120.0,6.0,4,1,3,2,8,0
196.0,6.1,3,2,10,1,3,1
128.0,4.9,3,1,9,5,9,0
90.0,6.0,2,8,6,2,8,0
120.0,4.3,6,5,4,4,1,0
132.0,5.1,2,8,4,3,8,1
121.0,5.8,8,3,8,2,4,0
107.0,5.2,8,7,7,5,6,0
149.0,5.0,5,8,1,5,10,0
138.0,5.2,10,6,6,1,9,0
103.0,4.8,7,7,8,4,5,0
79.0,4.7,4,2,3,2,7,0
91.0,6.6,1,8,9,4,1,1
91.0,7.0,2,5,10,1,9,1
114.0,6.0,10,7,2,3,6,0
109.0,4.4,10,1,6,4,4,1
66.0,3.5,4,5,1,1,6,0
176.0,6.8,1,1,2,2,5,0
127.0,4.9,8,8,5,3,3,1
224.0,5.7,9,4,1,5,7,1
120.0,8.1,4,4,8,1,3,0
91.0,6.1,10,2,1,5,2,1
169.0,4.3,3,5,9,3,4,1
166.0,6.5,2,1,10,1,7,1
143.0,8.5,5,9,3,1,5,0
116.0,6.8,3,5,2,3,9,0
81.0,4.9,10,6,1,2,10,1
143.0,6.5,7,2,9,1,7,1
156.0,6.1,6,10,4,3,9,0
161.0,4.9,1,10,1,4,9,1
132.0,6.0,8,1,1,5,2,0
79.0,4.9,2,4,7,1,1,0
128.0,5.2,5,7,2,4,4,0
52.0,7.3,9,6,7,1,4,1
107.0,5.4,8,10,7,2,2,1
42.0,8.5,2,1,10,3,3,1
200.0,7.1,9,1,9,1,3,1
160.0,7.5,5,8,7,3,5,1
183.0,4.8,10,4,1,1,1,0
79.0,5.3,6,5,8,2,9,1
224.0,4.9,3,7,8,2,8,1
116.0,6.0,3,8,4,4,8,1
128.0,6.6,10,10,8,2,3,0
87.0,4.8,8,7,4,3,2,1
112.0,5.3,10,2,8,2,1,0
61.0,6.4,10,4,5,1,6,0
113.0,6.3,2,10,4,2,10,1
121.0,7.0,2,1,6,3,1,0
140.0,4.9,5,10,2,1,5,1
89.0,6.9,6,9,2,4,9,0
146.0,4.9,2,3,2,4,9,0
151.0,6.1,5,3,9,4,4,0
141.0,6.2,7,10,10,1,7,1
128.0,3.9,10,9,3,4,7,0
160.0,4.3,10,10,10,2,4,0
103.0,5.0,8,3,4,1,5,0
132.0,3.3,7,8,10,1,9,1
52.0,6.5,8,2,8,1,7,0
166.0,7.6,9,3,4,5,7,1
121.0,4.8,5,2,10,3,10,0
139.0,7.3,5,1,10,5,7,0
107.0,6.5,10,2,7,5,9,1
139.0,7.0,4,8,5,5,5,0
176.0,6.4,9,9,9,3,6,0
114.0,6.0,5,2,4,5,3,0
166.0,6.9,2,7,3,4,1,0
141.0,7.4,10,5,2,1,2,0
114.0,5.7,8,3,1,1,8,0
149.0,8.0,7,9,6,2,1,1
112.0,5.2,8,6,10,4,10,1
139.0,6.5,3,1,2,3,7,0
139.0,7.1,4,5,8,1,5,1
183.0,4.4,5,7,6,5,6,0
109.0,6.6,6,4,5,2,8,1
182.0,4.6,1,8,2,2,4,0
160.0,6.5,4,10,7,1,6,1
66.0,7.0,10,5,2,4,3,1
90.0,4.0,5,9,5,2,7,1
137.0,7.0,7,9,2,1,2,0
52.0,6.5,5,9,10,4,8,1
137.0,7.1,1,1,2,1,7,1
65.0,5.4,7,2,7,1,8,1
176.0,6.3,8,3,9,4,2,0
114.0,7.3,7,4,5,4,3,0
66.0,6.3,4,10,7,4,4,0
112.0,4.0,8,9,4,1,9,1
121.0,4.8,5,10,2,2,5,0
130.0,6.5,10,6,3,3,6,1
142.0,7.6,9,1,2,3,1,1
64.0,4.9,10,9,5,1,4,0
200.0,4.4,5,6,6,1,4,1
138.0,5.2,1,4,7,2,10,1
121.0,4.7,9,4,3,4,8,0
61.0,5.0,5,3,4,1,8,1
116.0,6.8,6,7,8,5,10,0
112.0,4.9,4,3,4,4,6,1
118.0,5.9,6,2,7,1,8,0
183.0,7.1,8,10,6,5,9,0
137.0,6.1,3,8,7,2,5,1
140.0,6.1,5,4,1,5,1,1
121.0,5.7,2,8,3,1,1,0
161.0,7.3,2,1,6,3,2,1
64.0,7.8,7,5,3,1,2,1
175.0,6.9,10,9,7,3,5,1
81.0,5.1,10,1,9,2,7,0
116.0,6.5,10,4,3,2,7,0
103.0,3.5,6,6,1,4,4,1
138.0,5.4,4,10,10,4,4,0
132.0,6.5,5,8,6,3,10,0
118.0,6.1,1,3,1,3,3,0
138.0,4.4,7,5,1,2,2,0
79.0,6.9,8,7,8,5,3,0
140.0,7.0,9,1,9,3,8,1
139.0,6.7,8,7,2,3,1,1
89.0,5.8,5,8,9,5,4,1
120.0,7.0,3,8,5,4,7,1
160.0,6.9,10,9,8,4,5,0
114.0,5.2,9,6,7,3,2,1
102.0,7.1,6,6,7,4,1,1
66.0,4.4,5,2,4,4,6,0
132.0,5.8,3,3,2,4,5,0
45.0,6.1,6,4,5,2,3,0
137.0,6.0,3,4,3,1,9,1
155.0,7.3,10,8,9,3,3,1
113.0,4.0,6,1,6,3,2,0
121.0,8.0,4,10,1,2,5,0
127.0,7.0,2,4,3,1,9,1
141.0,7.3,8,4,4,1,8,1
132.0,5.4,4,1,9,2,6,1
79.0,4.0,9,3,6,5,3,0
132.0,5.8,7,5,4,5,6,0
132.0,4.0,2,6,1,1,5,1
52.0,8.1,4,9,8,5,1,0
102.0,6.8,5,9,2,5,5,0
168.0,5.3,3,9,8,5,7,0
61.0,6.5,9,1,6,1,9,1
113.0,5.0,5,9,8,5,1,0
65.0,7.0,2,8,6,3,3,0
151.0,5.4,3,2,5,1,8,1
134.0,7.5,9,1,5,2,6,1
121.0,8.3,7,1,10,5,5,1
48.0,5.7,2,6,10,4,10,1
142.0,6.1,9,9,8,1,2,0
142.0,5.1,4,7,7,2,3,1
168.0,6.4,9,5,8,3,2,0
114.0,5.1,2,2,8,2,1,1
128.0,4.0,10,1,7,5,7,1
138.0,8.3,4,2,2,4,3,1
156.0,5.2,5,1,9,5,7,0
132.0,5.2,2,3,7,2,7,1
139.0,5.2,10,6,6,1,8,1
163.0,4.7,1,8,9,4,1,1
135.0,5.4,7,3,1,4,5,0
107.0,6.0,10,10,2,2,10,1
137.0,4.9,1,9,1,5,9,1
224.0,6.1,8,10,10,2,7,1
132.0,5.0,3,5,3,4,1,1
121.0,4.9,10,7,5,2,8,0
109.0,7.3,6,8,1,4,3,0
139.0,5.2,7,3,4,5,4,0
149.0,4.9,10,2,8,1,4,1
116.0,5.2,1,2,6,1,10,1
118.0,8.1,6,5,1,2,8,1
116.0,7.1,7,1,1,4,1,1
113.0,6.5,6,2,3,1,8,0
45.0,4.0,4,9,10,4,9,0
114.0,6.0,1,7,8,5,9,0
96.0,7.3,9,6,8,2,5,1
112.0,4.9,4,9,3,4,4,1
90.0,4.0,7,7,7,2,4,0
156.0,5.4,7,5,3,4,9,1
96.0,4.9,2,9,4,4,8,1
121.0,7.5,1,6,9,5,10,1
113.0,4.9,8,6,4,2,10,0
169.0,6.6,8,4,3,3,7,0
114.0,7.3,7,1,5,4,3,0
156.0,6.6,8,5,7,4,4,0
81.0,4.8,3,9,5,1,9,0
146.0,6.3,2,8,4,2,8,1
121.0,5.3,7,8,8,3,1,1
142.0,5.1,8,5,4,5,3,0
45.0,6.7,1,9,2,3,10,1
79.0,4.4,10,3,10,5,2,1
113.0,4.8,9,3,6,3,2,1
132.0,6.5,4,1,2,3,8,1
81.0,5.9,4,9,3,2,6,1
149.0,4.7,3,6,1,1,6,1
132.0,4.9,6,2,5,3,4,1
142.0,8.1,1,8,9,4,1,1
161.0,7.1,6,9,2,4,7,0
151.0,5.0,2,9,7,4,8,1
183.0,7.6,9,2,5,1,2,0
120.0,6.4,2,2,2,3,2,0
140.0,6.5,7,7,8,5,1,0
112.0,7.3,1,4,6,5,4,0
161.0,5.2,7,1,4,2,6,1
155.0,5.2,5,8,4,1,5,0
124.0,7.3,8,2,2,3,4,1
75.0,4.9,4,3,3,4,4,0
155.0,8.3,10,5,7,1,10,0
196.0,5.2,7,3,3,1,7,1
146.0,4.0,6,7,5,3,7,0
61.0,7.5,5,7,10,2,2,1
182.0,6.3,4,2,6,2,7,1
137.0,8.1,7,7,6,2,2,0
52.0,7.0,5,6,4,4,4,0
130.0,7.0,5,10,6,4,1,0
96.0,6.0,1,9,3,3,5,0
114.0,7.1,2,9,7,2,1,1
146.0,6.9,5,2,7,3,4,1
113.0,7.1,3,7,4,2,9,1
146.0,6.1,2,5,2,1,8,1
110.0,7.0,4,6,7,5,6,1
155.0,5.1,4,1,3,5,8,1
139.0,7.3,4,7,1,2,5,1
48.0,4.4,4,6,2,3,7,0
132.0,4.3,3,4,10,4,8,1
100.0,5.2,7,1,9,2,7,0
90.0,8.5,9,9,8,2,4,1
146.0,8.0,5,4,6,4,5,1
112.0,6.2,4,2,6,2,10,0
103.0,8.0,2,8,1,1,6,0
79.0,5.9,2,2,2,4,6,1
79.0,5.2,5,5,4,1,9,1
161.0,5.0,7,6,3,5,10,0
134.0,7.0,10,8,1,4,2,0
139.0,6.5,10,1,8,4,6,0
61.0,5.0,9,1,7,3,3,0
149.0,4.4,7,4,4,3,2,0
175.0,5.1,5,5,9,4,6,0
114.0,7.0,10,9,4,5,4,1
102.0,6.1,10,7,1,2,5,1
199.0,8.0,10,7,10,3,5,0
149.0,7.1,6,8,1,5,3,1
112.0,3.5,3,5,1,5,4,1
143.0,5.2,5,5,1,3,3,0
142.0,6.6,8,1,4,2,7,0
61.0,7.1,1,9,1,3,1,1
130.0,6.2,1,6,2,5,6,1
128.0,6.7,7,9,4,1,4,1
120.0,7.0,5,3,7,3,1,0
114.0,4.7,5,5,2,5,1,1
66.0,6.0,1,2,8,3,5,1
109.0,7.0,9,10,7,5,5,1
175.0,7.5,1,5,9,2,10,1
112.0,5.0,5,8,6,5,7,0
160.0,5.7,10,2,4,4,4,0
128.0,6.6,9,8,6,1,9,1
107.0,6.1,4,4,4,5,4,1
106.0,6.8,8,10,7,3,7,1
50.0,6.5,6,10,9,3,5,0
155.0,6.8,3,1,3,5,5,0
52.0,5.1,4,5,3,4,6,0
138.0,6.8,2,1,2,5,8,1
160.0,7.3,1,7,1,2,5,0
166.0,6.0,8,8,1,4,3,1
182.0,3.9,1,3,3,5,6,1
139.0,3.9,1,3,7,1,2,1
66.0,7.1,4,7,9,4,8,0
199.0,5.2,10,4,2,5,8,0
224.0,8.1,10,3,7,1,3,0
42.0,5.2,6,8,1,5,8,0
113.0,4.9,9,3,2,2,9,1
112.0,7.0,1,7,6,3,5,1
128.0,8.3,7,2,5,5,5,1
132.0,5.4,10,1,8,4,6,0
163.0,4.8,5,6,2,5,7,0
120.0,5.7,8,8,1,5,3,0
37.0,4.7,7,1,7,5,5,1
112.0,6.0,4,10,6,5,1,1
127.0,6.1,4,9,8,4,10,0
61.0,7.4,6,3,8,4,5,0
182.0,5.2,6,3,2,5,4,0
113.0,7.3,9,4,8,3,1,0
102.0,7.0,5,1,6,5,7,1
124.0,5.0,8,9,9,4,1,1
112.0,4.0,5,3,7,2,8,1
81.0,7.5,2,10,2,5,10,1
200.0,5.2,6,4,8,5,2,0
140.0,7.6,9,1,9,5,10,0
52.0,4.9,3,4,7,5,5,1
151.0,5.4,1,1,4,1,6,0
118.0,5.4,1,5,9,5,9,0
132.0,7.5,3,5,4,4,7,1
182.0,4.6,10,7,4,4,6,0
118.0,6.5,5,8,9,1,5,1
110.0,4.9,3,4,8,5,6,1
128.0,4.3,9,7,4,3,4,1
224.0,4.8,8,4,8,5,1,0
138.0,5.3,3,3,8,4,9,1
151.0,6.0,9,6,7,2,5,0
224.0,4.4,6,4,10,2,8,0
66.0,4.0,7,3,6,3,7,1
64.0,7.6,4,9,8,5,8,0
151.0,5.2,4,5,7,1,1,1
151.0,6.0,2,7,5,5,9,0
107.0,4.6,5,6,4,3,1,0
135.0,6.7,8,10,2,3,3,0
116.0,6.9,7,5,8,3,8,0
128.0,5.4,7,7,9,2,1,0
114.0,6.9,6,6,4,5,1,0
90.0,7.3,3,10,4,5,6,1
169.0,6.5,5,2,5,1,5,0
90.0,7.0,1,3,2,3,6,0
141.0,6.7,7,2,7,3,3,1
169.0,5.1,9,3,5,4,10,0
143.0,5.4,1,1,6,4,10,1
90.0,6.8,2,8,4,2,6,1
45.0,5.2,3,6,8,5,2,0
139.0,5.1,3,2,8,1,8,1
48.0,5.4,8,8,5,1,6,0
81.0,8.1,7,6,6,3,4,0
109.0,4.0,6,7,3,1,4,0
233.0,6.8,10,1,1,3,7,1
154.0,8.0,10,7,9,5,3,1
130.0,6.0,4,3,9,1,3,0
128.0,4.9,9,8,3,3,6,1
91.0,6.0,1,6,4,5,9,0
113.0,5.3,2,4,7,5,1,0
66.0,4.9,4,8,2,3,5,1
113.0,7.0,3,9,3,3,1,1
90.0,7.3,1,10,6,2,1,0
132.0,5.0,5,2,8,5,3,0
196.0,3.5,7,6,1,3,3,0
139.0,4.9,2,5,4,5,4,0
160.0,7.3,5,5,1,1,3,0
103.0,7.1,6,10,2,4,6,1
90.0,4.4,7,3,8,4,4,1
90.0,6.5,1,8,6,3,8,0
154.0,4.8,7,8,9,3,1,0
109.0,6.0,4,5,2,5,8,0
106.0,4.4,8,8,3,3,1,0
114.0,8.3,4,10,9,5,1,0
50.0,5.7,6,8,9,3,7,0
130.0,6.1,9,3,6,5,1,1
151.0,5.4,5,2,3,3,9,0
154.0,7.8,4,9,5,2,8,0
199.0,8.0,8,2,2,5,1,0
96.0,5.7,9,9,7,2,2,0
196.0,5.9,4,4,10,2,2,1
114.0,6.9,3,2,8,2,2,0
112.0,6.5,8,10,6,2,6,1
52.0,4.8,5,1,8,1,4,1
120.0,4.6,2,4,2,4,8,0
114.0,6.8,10,9,3,1,1,1
90.0,5.7,9,9,7,3,10,0
79.0,6.1,3,4,10,3,4,1
130.0,7.5,2,9,1,4,10,1
48.0,3.3,1,6,7,4,5,0
100.0,6.7,8,1,6,4,9,1
65.0,6.0,3,10,8,2,5,0
75.0,7.1,7,6,7,1,3,1
121.0,6.0,1,9,4,3,4,1
123.0,6.5,1,2,3,1,10,0
130.0,6.1,9,6,3,1,7,1
149.0,4.9,8,2,4,1,1,0
103.0,7.4,3,4,9,4,6,0
149.0,5.8,6,8,9,4,8,0
139.0,5.7,3,7,2,3,1,0
163.0,6.9,4,9,5,3,8,1
128.0,8.3,1,7,1,3,7,1
121.0,5.7,5,1,4,1,1,0
87.0,5.0,1,2,2,4,9,1
138.0,7.5,1,6,8,2,3,1
183.0,6.1,10,7,4,1,2,1
103.0,6.8,7,3,5,5,7,0
90.0,6.4,6,9,4,1,3,0
199.0,5.3,2,7,5,4,1,0
132.0,7.3,2,6,5,5,10,0
112.0,8.1,7,6,5,1,3,1
66.0,6.8,1,1,3,4,6,1
149.0,8.1,2,5,7,4,3,0
224.0,5.7,8,10,3,2,5,0
52.0,5.2,6,3,2,1,9,1
175.0,5.8,2,7,3,4,7,0
63.0,4.9,7,10,3,3,2,1
81.0,7.5,4,3,8,4,1,0
199.0,6.6,2,5,4,2,7,0
66.0,6.3,6,7,3,4,4,0
135.0,6.9,9,3,10,1,7,0
127.0,5.3,9,10,5,1,6,1
121.0,7.5,8,2,4,5,7,1
52.0,6.5,3,6,9,1,4,1
128.0,4.8,3,8,8,5,3,0
141.0,5.0,2,4,7,3,5,0
175.0,4.0,5,9,8,2,3,1
87.0,6.8,4,8,5,3,3,0
112.0,5.0,7,7,4,5,4,0
121.0,6.9,4,7,7,4,8,1
132.0,4.8,9,3,1,4,2,1
66.0,7.0,2,6,6,3,4,1
103.0,7.8,6,5,8,4,3,0
121.0,4.9,7,1,7,5,7,1
200.0,4.7,4,3,2,2,2,1
50.0,6.6,6,1,7,1,1,1
127.0,6.9,7,4,6,5,10,1
224.0,6.0,4,10,5,5,1,0
130.0,4.8,8,3,4,1,6,1
156.0,5.7,9,4,1,1,3,0
149.0,4.7,1,9,2,2,7,1
161.0,6.4,7,3,7,2,8,0
112.0,6.0,9,6,10,2,5,1
102.0,3.9,10,6,3,4,5,0
166.0,6.4,5,7,5,5,2,1
106.0,4.3,2,9,8,1,8,1
132.0,5.8,10,7,8,5,10,1
132.0,6.8,6,1,6,5,1,1
45.0,6.6,7,8,5,2,10,0
128.0,6.5,2,5,2,2,9,1
155.0,6.5,2,9,9,5,1,0
196.0,6.5,10,10,1,2,1,1
132.0,4.4,10,5,2,4,1,1
120.0,5.7,1,5,1,1,7,0
183.0,6.9,4,2,4,5,4,1
200.0,6.1,7,3,4,1,7,0
128.0,7.1,9,10,5,4,5,0
107.0,4.8,3,9,5,2,7,0
42.0,6.5,7,7,8,3,10,0
149.0,7.1,7,1,3,4,7,1
109.0,4.9,7,3,6,3,4,1
45.0,5.8,2,2,3,1,2,1
61.0,5.4,6,1,2,5,8,1
149.0,5.1,2,9,8,2,2,1
139.0,4.9,6,8,1,4,9,0
134.0,4.8,10,5,9,2,5,1
63.0,5.1,3,2,7,3,9,1
45.0,6.5,2,1,10,3,9,1
166.0,6.9,6,7,4,5,8,0
233.0,7.0,2,2,3,3,8,0
132.0,6.1,5,1,6,5,4,1
134.0,5.8,2,2,9,4,4,0
224.0,7.3,3,7,9,5,2,0
169.0,5.2,3,7,4,3,4,0
66.0,5.7,6,10,10,1,4,1
109.0,5.1,6,6,5,5,6,1
81.0,5.4,10,5,9,2,3,0
90.0,3.9,3,3,2,1,2,1
168.0,6.0,3,3,2,5,8,0
166.0,4.9,1,9,5,2,2,1
112.0,7.5,7,4,1,1,8,0
132.0,5.2,8,9,8,5,7,0
139.0,5.7,2,4,5,4,3,0
61.0,8.1,4,2,10,2,6,1
146.0,7.1,10,4,2,4,6,1
109.0,3.3,7,6,9,3,10,1
103.0,6.8,8,6,2,5,5,0
106.0,7.1,1,5,7,5,8,0
103.0,7.0,4,1,8,2,5,1
139.0,7.0,6,3,6,5,7,1
155.0,4.9,3,5,7,3,6,1
112.0,3.9,5,6,1,5,7,1
139.0,5.4,10,1,4,1,9,1
155.0,7.3,9,9,7,4,3,0
91.0,5.1,3,3,1,3,10,0
151.0,6.8,5,10,1,3,7,0
166.0,6.0,8,3,6,4,10,0
149.0,7.3,6,2,4,4,3,1
151.0,6.0,4,8,3,3,2,0
66.0,6.0,8,3,5,4,7,1
103.0,7.3,3,6,9,2,4,0
113.0,6.5,3,2,10,4,1,0
141.0,5.3,4,7,10,1,6,0
138.0,4.0,9,4,10,1,6,0
154.0,6.1,5,9,3,2,6,1
139.0,6.0,8,10,5,4,2,0
96.0,4.7,6,9,10,1,1,0
48.0,6.1,3,7,5,5,3,1
156.0,6.1,8,8,9,4,2,0
48.0,5.3,9,3,10,2,6,1
116.0,7.0,8,5,4,4,6,1
42.0,7.3,4,2,1,3,5,0
109.0,4.4,6,10,10,3,10,1
134.0,4.0,1,7,5,1,10,0
169.0,6.9,4,8,1,3,5,0
63.0,4.9,8,9,6,2,9,0
132.0,4.6,1,7,10,1,5,1
135.0,5.3,3,10,10,2,10,1
112.0,7.0,1,10,7,2,6,1
137.0,5.2,9,8,1,3,4,1
130.0,5.4,2,9,10,3,10,1
137.0,6.7,9,6,4,2,1,0
143.0,5.4,4,10,9,3,4,1
154.0,6.8,2,2,1,3,2,0
130.0,6.0,4,2,9,3,10,0
90.0,5.2,10,4,8,4,3,0
132.0,5.2,6,9,5,2,7,1
48.0,4.9,7,7,6,5,7,1
130.0,5.2,3,2,7,2,1,0
151.0,6.6,3,8,4,1,8,0
91.0,6.3,10,7,6,3,7,0
121.0,6.9,8,9,7,3,1,0
134.0,5.2,5,8,6,5,8,0
112.0,6.5,4,3,6,1,2,0
116.0,5.7,7,1,2,4,8,0
154.0,5.0,7,2,5,2,3,1
107.0,5.2,9,2,3,4,10,0
138.0,6.3,9,4,7,1,7,0
128.0,5.4,5,6,4,5,6,1
138.0,4.0,8,4,1,1,5,1
139.0,5.0,10,9,6,5,10,1
121.0,6.6,1,4,6,4,2,0
61.0,6.9,9,6,7,4,2,1
100.0,5.7,8,6,8,1,1,1
141.0,6.5,6,10,3,1,9,1
61.0,6.6,3,10,6,3,8,0
63.0,7.0,3,1,10,5,8,1
52.0,7.0,8,8,2,3,1,1
175.0,7.3,5,3,9,2,5,0
141.0,5.2,10,6,2,2,6,1
109.0,7.6,7,3,3,1,2,0
233.0,4.7,5,2,10,4,10,0
141.0,5.3,8,5,2,2,5,0
107.0,6.1,10,1,9,2,6,0
120.0,5.2,10,9,1,3,9,0
183.0,3.9,4,7,5,3,10,0
37.0,5.0,2,3,1,2,1,0
151.0,5.1,3,4,5,1,10,0
140.0,4.7,8,6,8,3,3,1
182.0,8.3,7,3,8,2,9,1
114.0,6.0,2,7,8,4,1,1
79.0,7.3,6,6,2,3,1,0
121.0,7.8,9,9,8,2,1,1
124.0,7.0,4,5,5,5,7,1
61.0,5.2,9,4,1,3,5,1
163.0,5.8,2,3,7,5,6,1
139.0,6.5,2,10,6,3,8,0
52.0,4.9,9,1,5,3,2,1
168.0,3.5,7,3,1,5,2,1
102.0,6.3,7,3,1,1,3,1
81.0,7.3,1,7,6,2,3,0
103.0,5.2,6,7,10,1,3,1
143.0,6.5,7,1,7,1,4,1
169.0,4.0,6,3,10,2,3,1
138.0,8.1,6,8,10,4,2,1
200.0,4.9,2,9,1,1,9,0
169.0,7.5,6,7,9,1,6,0
128.0,6.1,4,7,4,1,3,1
130.0,5.3,9,8,5,4,9,0
139.0,6.0,1,6,2,3,4,0
87.0,7.0,8,3,10,5,4,0
132.0,6.0,5,1,8,5,8,0
140.0,7.0,1,7,2,4,7,0
132.0,6.1,4,1,3,1,7,1
112.0,3.3,1,1,9,5,10,0
132.0,3.5,6,9,2,4,7,0
112.0,5.2,2,10,6,2,10,1
87.0,8.1,5,7,4,5,5,0
135.0,4.3,7,4,7,2,7,1
138.0,5.0,2,6,6,1,4,1
233.0,7.1,6,1,10,5,8,0
182.0,7.1,6,7,9,4,9,0
90.0,4.8,5,6,9,3,3,0
113.0,6.1,5,4,10,5,7,1
166.0,6.8,3,7,4,5,10,0
81.0,6.1,10,3,1,5,9,1
149.0,7.5,10,1,2,5,1,0
90.0,6.1,2,4,8,4,2,1
48.0,6.6,7,3,10,4,7,1
160.0,7.5,1,1,8,3,2,0
114.0,5.4,6,2,2,4,7,1
130.0,8.1,6,5,4,4,1,1
138.0,4.9,3,8,1,1,3,1
121.0,7.5,2,1,7,1,5,1
183.0,6.1,2,4,4,2,6,1
146.0,5.2,9,4,8,3,9,0
120.0,6.3,5,5,9,1,9,0
103.0,5.2,7,7,9,3,3,0
103.0,5.2,5,8,3,3,8,0
91.0,6.9,7,6,5,5,4,1
63.0,6.5,4,1,6,3,7,1
200.0,5.3,8,7,6,5,6,1
128.0,8.3,10,3,10,2,8,1
114.0,7.3,10,6,8,2,6,1
141.0,6.3,7,8,6,2,4,1
116.0,4.6,10,7,6,5,2,0
50.0,8.0,5,10,4,5,7,0
106.0,6.4,6,6,7,2,4,1
140.0,7.3,5,9,8,5,9,1
75.0,7.4,7,9,3,4,9,0
149.0,4.8,2,1,7,4,7,0
134.0,6.7,5,1,3,5,5,0
137.0,4.7,10,1,8,5,3,0
112.0,4.3,3,8,1,1,3,0
116.0,7.3,9,10,1,1,9,1
149.0,7.0,6,7,6,3,9,0
130.0,5.9,10,3,10,3,4,1
106.0,7.3,3,2,9,3,1,0
120.0,6.6,7,4,4,2,10,1
224.0,6.1,4,3,6,4,5,0
149.0,7.5,3,7,5,2,8,1
124.0,7.6,8,10,1,5,10,0
166.0,6.7,4,8,6,1,4,1
163.0,6.9,1,6,9,5,10,0
142.0,6.1,6,3,3,5,10,0
64.0,5.2,10,6,3,1,4,1
146.0,4.7,1,2,2,5,9,0
169.0,6.8,5,7,4,3,9,0
114.0,5.0,7,10,10,1,7,0
90.0,7.3,6,7,3,5,10,1
61.0,6.5,2,4,2,3,8,1
120.0,7.5,4,8,1,3,4,0
114.0,7.3,2,4,3,4,8,1
128.0,6.5,1,7,10,3,6,0
45.0,4.3,3,4,6,2,3,0
66.0,6.5,3,5,9,1,7,1
96.0,4.9,7,7,5,1,3,0
116.0,6.3,1,10,3,1,7,0
90.0,6.5,9,3,5,5,5,1
61.0,6.3,6,10,5,5,4,1
52.0,6.8,4,5,5,2,3,0
66.0,5.2,3,3,7,3,8,1
169.0,8.0,3,5,5,5,4,0
200.0,6.3,2,3,7,3,8,0
123.0,7.5,2,10,9,3,10,0
142.0,6.1,10,7,5,5,3,0
132.0,7.5,5,1,2,5,10,0
63.0,7.1,9,9,5,2,9,1
89.0,5.2,2,9,8,4,6,0
169.0,6.5,2,5,4,1,5,0
123.0,5.2,6,9,2,5,5,1
65.0,5.1,10,10,10,5,3,1
128.0,5.1,2,6,3,3,2,1
130.0,4.7,4,5,9,4,6,1
124.0,5.3,6,3,9,5,1,1
140.0,6.6,5,8,8,4,7,1
114.0,6.3,1,4,8,1,5,1
169.0,4.9,6,10,8,3,4,1
140.0,6.8,1,3,8,2,9,0
138.0,5.8,3,6,8,1,10,0
141.0,7.3,10,8,1,4,1,1
114.0,5.4,5,9,6,4,4,1
124.0,4.8,10,6,9,1,3,0
81.0,5.4,5,5,8,4,6,1
48.0,6.9,10,2,3,2,5,0
139.0,5.4,6,2,1,2,7,0
132.0,6.0,10,9,2,4,1,0
50.0,8.3,8,2,2,4,5,0
106.0,5.1,5,2,7,2,2,0
116.0,5.0,1,3,6,4,2,0
140.0,8.0,5,3,2,5,2,0
132.0,6.1,3,4,8,3,9,0
91.0,4.6,4,7,9,5,10,1
90.0,8.0,8,9,7,4,3,1
123.0,5.9,7,2,4,4,4,0
163.0,6.8,5,4,1,3,5,0
120.0,6.8,2,9,4,4,4,0
79.0,4.8,6,2,4,3,4,0
75.0,5.1,6,10,8,2,5,1
139.0,6.8,10,1,4,3,10,0
233.0,6.0,10,10,4,3,9,0
50.0,6.1,6,8,2,5,9,0
138.0,6.5,9,9,10,4,6,0
132.0,4.9,8,7,7,2,3,0
175.0,4.9,8,8,4,1,6,0
132.0,5.9,1,4,6,3,10,1
89.0,5.4,5,4,3,1,4,1
113.0,6.9,7,2,7,4,3,0
149.0,4.9,6,8,6,3,6,1
135.0,4.9,5,2,3,1,6,1
90.0,3.3,8,9,4,5,2,0
65.0,7.3,3,4,10,1,9,1
160.0,4.3,6,1,5,5,8,0
42.0,7.3,5,4,9,2,6,1
114.0,8.1,8,3,6,4,1,1
89.0,6.9,4,6,4,1,2,0
135.0,8.1,8,7,7,3,4,1
120.0,6.9,10,8,2,4,7,1
141.0,6.8,2,2,4,1,9,0
149.0,6.9,9,6,5,3,10,1
130.0,6.8,9,6,4,3,5,0
120.0,6.8,10,10,4,3,10,0
61.0,7.5,10,5,9,3,2,1
141.0,4.3,6,10,2,1,1,0
90.0,6.0,4,10,6,2,10,1
135.0,6.6,4,7,8,5,1,1
63.0,5.4,6,3,8,5,5,0
169.0,7.0,5,4,7,5,7,0
123.0,6.2,6,10,10,2,9,0
63.0,5.7,7,9,4,3,9,0
90.0,7.1,7,4,7,3,8,1
182.0,4.9,9,3,10,4,1,1
142.0,7.0,8,2,6,5,5,0
166.0,6.1,6,5,6,5,6,0
114.0,6.1,6,4,2,3,6,1
149.0,7.4,5,8,8,5,4,1
64.0,4.3,1,7,8,3,1,1
141.0,4.9,9,6,7,3,3,0
151.0,8.5,9,2,9,3,10,0
89.0,5.7,9,3,8,1,4,1
61.0,7.5,8,10,9,1,4,0
112.0,7.5,10,9,9,1,4,1
107.0,4.8,3,9,6,1,5,1
224.0,7.0,1,5,2,2,9,1
91.0,6.0,8,3,7,4,4,1
63.0,5.0,7,2,3,4,9,1
114.0,6.8,5,8,7,3,9,0
169.0,5.7,10,6,9,5,1,1
110.0,6.0,7,10,10,1,5,1
132.0,7.1,10,7,10,4,9,0
149.0,8.5,4,1,2,4,4,0
66.0,6.6,9,1,6,1,5,0
118.0,4.3,10,10,6,2,4,0
139.0,4.8,2,2,9,2,2,1
123.0,6.1,9,10,9,4,10,0
100.0,5.8,9,3,5,2,2,1
128.0,4.8,5,1,5,1,2,1
90.0,6.0,1,5,9,4,1,0
116.0,5.4,7,3,8,1,3,1
175.0,5.2,10,1,7,2,10,0
161.0,7.1,10,8,8,1,1,0
75.0,4.4,4,6,6,2,4,1
151.0,7.8,9,9,3,2,1,1
137.0,8.0,6,3,7,1,4,1
112.0,5.2,3,9,8,2,3,1
166.0,6.3,6,9,8,3,9,0
128.0,4.9,10,1,1,1,1,0
120.0,3.3,6,3,7,3,8,0
102.0,5.9,5,6,3,1,9,1
116.0,5.0,2,8,2,2,7,0
139.0,6.7,10,4,2,2,1,1
134.0,4.4,10,5,8,4,4,1
149.0,8.3,2,9,9,4,10,0
161.0,8.1,7,6,3,3,1,0
139.0,5.2,2,7,3,2,4,1
116.0,7.0,6,7,6,4,3,1
155.0,5.2,5,4,10,2,2,0
128.0,6.9,4,4,1,1,1,1
154.0,7.6,7,4,6,4,6,1
118.0,6.9,8,5,3,3,7,1
113.0,7.6,4,5,4,4,6,0
132.0,7.3,1,8,9,2,9,0
100.0,4.3,1,9,3,5,9,1
120.0,6.9,1,2,1,5,2,0
113.0,4.9,1,7,3,2,2,0
107.0,6.9,5,1,7,1,9,1
139.0,7.3,4,1,7,4,1,1
120.0,4.8,9,4,5,5,5,0
37.0,4.7,3,10,1,1,1,0
154.0,6.1,7,7,8,2,7,1
123.0,5.1,8,2,10,1,9,0
132.0,5.4,6,2,8,2,6,0
168.0,4.8,10,1,10,4,2,1
127.0,6.7,1,10,10,1,6,0
149.0,8.0,8,2,10,4,9,0
169.0,6.6,10,7,2,1,3,1
103.0,8.3,3,9,10,2,9,1
64.0,6.7,8,6,3,2,8,0
169.0,7.0,4,10,4,1,7,0
127.0,5.2,8,2,1,2,8,1
103.0,4.8,1,10,4,3,10,0
120.0,5.8,3,10,5,3,6,0
100.0,8.1,6,9,3,4,3,0
112.0,7.6,9,7,10,3,7,1
52.0,7.3,2,1,2,3,4,0
149.0,4.7,1,9,6,5,10,1
139.0,6.6,10,2,8,5,5,1
138.0,4.3,3,4,7,5,8,0
182.0,6.2,4,9,1,5,7,0
163.0,3.9,5,4,4,2,7,0
141.0,6.4,3,3,3,4,8,1
151.0,6.1,10,1,6,4,10,0
45.0,6.5,2,7,9,3,3,0
132.0,6.3,2,6,9,4,3,1
50.0,5.3,7,10,7,3,2,1
61.0,6.5,9,4,9,4,1,1
166.0,4.0,10,6,8,1,10,1
66.0,5.7,2,6,5,1,6,0
156.0,5.1,7,4,9,4,6,0
121.0,6.5,7,6,7,2,10,1
169.0,4.7,7,10,5,3,8,1
91.0,5.0,3,8,8,4,6,1
132.0,6.9,7,3,7,3,6,1
161.0,5.2,1,4,9,5,1,1
166.0,4.0,10,10,10,4,7,1
120.0,7.6,1,1,1,2,7,0
124.0,8.1,5,4,9,5,10,0
52.0,4.9,2,10,7,4,9,1
91.0,6.9,9,10,1,1,7,1
121.0,7.6,7,9,1,4,8,1
138.0,4.7,4,8,5,1,4,1
142.0,5.2,4,4,8,1,9,0
113.0,5.2,2,7,9,4,1,0
161.0,6.5,5,10,6,4,8,1
140.0,5.1,4,3,10,1,3,1
81.0,4.7,1,9,8,3,1,0
141.0,6.0,8,10,6,5,2,0
103.0,6.7,3,4,6,2,6,0
89.0,6.4,6,2,4,4,5,0
161.0,6.0,4,10,5,5,3,0
128.0,4.0,9,5,2,5,9,0
120.0,6.0,7,2,3,3,8,1
66.0,8.0,9,10,3,5,3,1
89.0,5.8,10,6,5,4,2,0
120.0,3.5,3,10,5,5,8,0
120.0,6.6,1,1,6,4,5,1
90.0,6.9,5,6,5,4,9,1
114.0,5.4,3,4,6,1,1,0
103.0,7.4,6,3,8,3,10,0
121.0,5.4,8,2,2,2,3,0
90.0,7.5,4,7,4,1,5,0
154.0,8.1,5,9,6,2,2,0
233.0,4.7,5,3,5,4,3,1
103.0,6.4,4,6,1,1,4,1
118.0,6.7,4,9,9,5,4,0
120.0,3.9,4,2,3,5,9,0
139.0,6.0,4,7,2,2,1,1
166.0,6.9,4,5,9,4,9,1
100.0,3.3,5,5,7,2,9,0
149.0,7.0,2,7,5,3,6,0
50.0,6.4,2,9,6,5,1,0
118.0,8.3,9,4,4,1,6,0
141.0,5.4,2,9,1,1,8,1
199.0,5.1,6,10,4,1,5,0
90.0,6.7,2,9,9,5,5,0
124.0,6.6,5,4,1,4,1,1
163.0,6.8,4,3,10,5,1,0
63.0,5.8,7,2,3,5,8,0
176.0,5.1,7,9,5,1,5,0
90.0,4.9,6,2,7,5,8,1
112.0,8.0,10,6,9,1,10,1
183.0,4.4,5,5,6,4,2,0
106.0,8.3,1,5,3,3,4,0
138.0,4.9,3,4,7,1,10,1
155.0,7.1,9,6,4,2,9,0
132.0,6.5,1,5,3,3,3,0
151.0,7.0,5,4,7,4,6,0
149.0,6.3,2,9,7,3,7,0
200.0,6.3,4,6,4,1,3,0
154.0,7.4,1,10,7,4,1,1
143.0,7.0,3,10,2,2,2,0
42.0,6.1,10,10,1,1,10,1
61.0,4.8,7,3,2,1,7,1
160.0,7.1,10,10,4,4,7,0
139.0,5.8,3,6,8,4,1,0
128.0,5.3,4,1,3,3,10,0
127.0,4.9,2,5,10,2,7,1
102.0,5.2,3,10,6,3,10,1
114.0,6.0,9,6,6,3,6,1
114.0,6.4,3,8,9,1,6,0
139.0,5.4,5,9,9,4,7,1
114.0,5.2,2,3,4,1,7,1
114.0,5.4,4,2,9,2,1,1
90.0,7.0,7,4,6,3,10,0
130.0,8.0,7,8,2,2,5,0
118.0,7.6,3,8,10,4,8,0
143.0,6.1,5,3,6,4,8,0
168.0,6.9,1,4,2,5,3,1
123.0,4.6,10,3,8,2,3,1
141.0,5.2,10,10,4,1,7,0
61.0,6.8,10,2,5,2,4,1
114.0,8.1,1,4,8,3,6,1
139.0,5.3,5,6,8,4,9,1
151.0,6.0,10,5,6,4,10,1
120.0,7.8,9,3,4,2,2,0
166.0,4.9,1,2,1,2,2,0
112.0,6.8,1,9,7,2,6,0
156.0,5.4,4,1,8,3,3,1
91.0,4.9,4,9,9,3,1,0
156.0,8.1,2,1,2,1,2,1
103.0,5.7,9,7,1,2,7,1
66.0,6.6,9,6,4,1,4,0
132.0,8.1,2,7,5,5,2,0
114.0,6.8,9,3,10,3,8,0
132.0,8.3,6,3,1,4,4,0
87.0,5.0,8,1,5,5,4,1
90.0,6.7,10,4,6,4,2,1
138.0,6.1,4,2,3,5,1,1
91.0,4.6,2,10,7,1,1,0
110.0,7.6,2,8,6,1,3,1
140.0,7.1,9,3,4,3,6,0
118.0,5.2,1,7,3,4,7,0
135.0,5.0,7,7,5,5,9,0
87.0,5.2,3,9,3,2,5,0
100.0,4.6,3,6,10,2,9,0
112.0,4.9,2,1,9,3,8,0
160.0,7.0,10,8,9,4,1,0
61.0,4.9,6,1,6,2,3,1
149.0,7.5,10,3,6,3,8,0
183.0,6.4,2,5,4,3,9,0
100.0,5.1,10,8,4,4,4,1
90.0,6.0,4,9,2,2,6,0
61.0,7.3,10,7,10,2,4,0
103.0,5.7,9,9,4,2,9,0
141.0,6.5,9,3,8,1,2,0
75.0,7.5,6,5,10,2,6,1
114.0,8.0,4,10,2,5,3,0
138.0,7.8,7,8,9,1,10,1
113.0,5.2,1,1,1,1,4,1
139.0,7.0,4,8,2,1,2,0
120.0,7.0,5,7,2,1,8,1
196.0,5.1,8,1,6,3,10,1
151.0,5.7,2,10,7,5,8,1
161.0,7.3,5,10,3,4,1,0
140.0,4.8,6,6,9,2,10,1
103.0,3.5,5,1,5,1,6,1
163.0,7.5,9,2,5,4,1,1
112.0,5.7,10,5,4,3,6,1
127.0,4.9,1,2,9,4,7,0
109.0,4.7,3,10,8,1,2,0
45.0,6.1,2,1,4,5,9,0
66.0,5.0,3,6,4,4,8,1
116.0,6.1,10,8,2,1,9,1
50.0,4.7,9,8,9,1,10,0
155.0,6.8,9,8,3,2,4,1
65.0,5.2,10,6,4,2,4,0
121.0,7.0,2,3,7,5,8,0
106.0,6.9,3,1,10,2,1,0
128.0,6.6,4,2,8,5,8,1
163.0,5.2,9,5,8,3,7,1
143.0,6.3,3,10,4,3,7,1
169.0,5.4,7,5,7,2,9,0
183.0,6.8,3,10,10,3,10,0
96.0,5.2,7,1,1,4,7,0
114.0,4.0,7,1,6,4,2,1
160.0,6.0,9,9,6,4,1,1
134.0,6.7,2,2,6,3,1,0
154.0,5.4,6,7,2,4,7,1
87.0,6.3,9,10,8,5,5,0
112.0,6.5,2,4,5,1,4,0
66.0,6.0,2,7,5,2,5,1
100.0,5.2,5,8,2,5,10,0
118.0,5.4,10,5,4,4,10,0
151.0,5.7,10,1,9,1,6,0
114.0,5.1,10,4,9,2,10,1
109.0,3.9,8,10,6,5,6,1
160.0,4.8,9,3,9,2,1,1
90.0,6.1,2,10,4,3,2,0
103.0,7.5,5,5,1,4,3,1
90.0,5.3,7,10,2,5,4,1
121.0,5.7,6,10,1,5,6,1
116.0,4.6,6,6,8,1,9,0
63.0,6.1,7,2,9,1,2,0
103.0,4.6,3,7,10,1,8,1
120.0,7.8,3,3,6,2,9,1
134.0,4.9,10,1,2,4,2,0
118.0,6.0,9,10,6,2,9,1
139.0,6.3,8,3,9,4,7,1
138.0,5.0,5,9,3,5,9,1
112.0,5.2,6,10,9,2,6,0
106.0,6.8,10,6,2,2,2,0
112.0,7.8,1,6,5,2,8,1
142.0,4.8,10,4,2,3,10,1
141.0,5.1,1,8,7,4,9,0
199.0,6.5,4,5,10,4,8,0
109.0,6.0,2,7,9,2,2,1
120.0,6.6,7,9,7,3,8,0
63.0,6.8,2,5,5,2,3,1
132.0,5.4,10,5,4,4,3,1
135.0,4.3,2,4,4,5,9,0
96.0,6.8,5,6,10,3,9,0
141.0,5.0,4,2,8,3,9,1
130.0,5.8,8,3,10,2,4,1
121.0,7.4,4,1,10,5,7,0
166.0,4.7,6,2,10,4,8,0
120.0,5.4,5,2,10,1,5,1
106.0,6.3,2,8,10,4,1,0
128.0,8.1,8,8,1,4,9,1
141.0,5.7,2,2,5,5,6,1
106.0,5.1,9,6,2,3,3,0
196.0,7.1,9,5,9,4,3,0
163.0,5.9,3,3,7,3,10,0
113.0,7.6,4,5,10,5,1,0
128.0,6.0,8,5,8,5,8,0
112.0,7.5,9,5,6,2,2,0
63.0,6.0,3,3,9,1,1,0
151.0,4.3,5,3,6,5,7,0
141.0,7.3,8,4,7,5,9,0
130.0,4.0,3,7,7,3,6,1
90.0,6.3,7,2,9,5,8,0
75.0,5.1,8,10,8,4,8,0
155.0,4.6,10,4,1,2,9,0
52.0,4.7,3,4,4,2,7,0
128.0,6.3,2,1,7,4,9,0
114.0,6.8,10,10,8,5,9,0
141.0,4.8,7,8,7,1,1,1
90.0,7.3,9,1,3,5,6,1
137.0,5.1,1,8,4,2,8,0
112.0,5.2,3,7,7,1,10,1
141.0,7.0,5,9,8,3,9,1
176.0,4.7,3,8,7,3,4,0
138.0,4.7,1,5,6,5,2,0
224.0,6.1,7,8,9,5,9,0
176.0,6.4,7,10,9,1,9,1
138.0,7.0,10,3,7,1,8,1
63.0,7.8,8,10,8,5,3,1
130.0,6.7,5,7,6,2,5,1
121.0,6.1,10,4,1,3,2,0
176.0,7.1,5,5,1,1,3,1
112.0,5.4,5,9,6,2,1,1
120.0,4.4,1,7,2,5,4,0
112.0,5.2,10,4,8,4,5,1
142.0,3.3,5,6,1,1,2,0
130.0,4.8,6,10,2,4,3,0
64.0,4.6,1,7,8,2,6,1
112.0,5.2,7,10,6,3,6,1
120.0,6.1,1,9,10,2,7,0
130.0,6.1,2,4,2,3,9,0
120.0,6.1,2,10,2,2,4,0
151.0,6.0,5,3,7,1,5,0
107.0,6.5,10,8,5,1,2,1
132.0,5.4,7,1,5,4,6,0
109.0,4.9,1,9,8,2,4,0
139.0,3.9,10,1,7,2,5,0
176.0,6.1,1,2,9,4,7,1
169.0,4.6,1,8,4,5,6,1
149.0,5.2,6,9,10,2,8,0
113.0,4.9,2,7,4,2,6,0
116.0,7.3,1,3,2,2,10,1
90.0,5.7,6,7,3,5,8,1
103.0,5.4,2,6,1,1,4,0
120.0,4.9,6,2,1,4,7,0
166.0,6.5,10,3,7,5,3,1
169.0,7.3,8,10,5,3,1,0
106.0,6.0,2,10,3,3,9,1
110.0,4.8,9,5,7,5,9,0
116.0,6.8,8,10,2,5,6,0
64.0,8.1,10,4,3,1,2,0
154.0,6.5,1,2,1,3,8,0
96.0,4.8,7,4,8,4,10,0
141.0,6.3,10,8,2,2,6,1
137.0,6.3,6,5,7,2,7,1
120.0,5.2,6,5,9,1,1,1
91.0,3.3,6,10,6,1,3,0
118.0,5.1,6,3,2,3,1,0
107.0,6.4,10,8,2,4,10,0
141.0,6.5,7,6,9,4,1,1
48.0,5.0,3,2,10,5,1,0
163.0,8.0,6,2,8,1,4,1
151.0,4.4,3,9,9,2,7,0
89.0,4.3,7,7,4,2,7,0
103.0,7.3,7,10,4,3,5,1
166.0,5.4,8,9,2,2,6,1
112.0,4.9,2,6,10,4,2,0
138.0,7.1,9,5,1,4,5,0
138.0,6.5,5,1,10,1,7,0
114.0,4.9,9,6,4,3,9,1
149.0,4.8,10,6,10,2,6,0
107.0,4.9,5,3,10,1,10,0
61.0,6.4,7,3,8,5,4,0
163.0,4.7,9,3,2,5,3,0
112.0,8.3,4,3,8,2,9,0
132.0,7.4,2,7,1,2,7,1
112.0,6.5,9,10,1,2,6,0
50.0,6.1,2,2,4,4,7,0
48.0,4.7,3,10,7,2,8,1
96.0,4.9,10,10,9,5,5,1
90.0,3.9,2,2,5,2,3,0
143.0,8.0,3,3,2,3,3,0
141.0,6.0,6,10,7,5,2,1
116.0,8.1,3,7,2,3,8,0
116.0,7.5,10,3,9,5,1,0
103.0,7.0,8,7,9,1,8,0
120.0,6.8,6,9,3,5,3,1
163.0,6.9,7,10,8,5,9,0
166.0,6.0,1,4,4,3,2,1
110.0,5.3,3,7,3,3,10,0
106.0,6.7,3,9,1,5,9,1
163.0,6.5,2,8,5,5,6,0
107.0,7.1,7,8,4,4,1,0
50.0,4.3,9,9,1,1,5,0
132.0,8.1,4,5,10,1,10,1
107.0,6.1,5,5,8,2,9,1
66.0,6.1,3,3,8,5,6,0
121.0,7.3,9,5,8,5,7,0
166.0,6.1,4,8,3,5,4,0
121.0,7.1,5,5,6,5,1,1
168.0,7.3,1,4,7,1,5,0
139.0,3.9,2,8,9,3,2,1
90.0,6.3,9,7,5,4,8,1
42.0,5.1,2,6,9,3,4,0
116.0,5.3,5,5,6,3,1,1
64.0,8.0,8,5,10,1,10,0
90.0,4.8,3,10,10,4,7,0
168.0,6.6,6,2,10,5,2,0
141.0,8.0,4,4,4,1,3,1
121.0,7.6,7,8,1,1,9,0
134.0,5.2,10,8,1,4,9,0
48.0,4.0,3,1,10,2,2,1
121.0,7.3,6,2,5,1,3,0
139.0,4.8,10,5,3,3,9,0
113.0,4.4,9,9,5,3,1,0
63.0,4.9,10,10,5,5,2,0
120.0,7.6,1,7,1,1,2,1
113.0,5.7,3,10,8,5,10,0
118.0,7.5,2,5,5,1,3,0
121.0,7.1,8,1,5,4,10,1
81.0,7.4,7,6,9,1,3,0
118.0,5.4,2,8,8,2,10,0
61.0,7.5,6,7,1,3,2,0
112.0,5.4,3,2,3,4,8,1
138.0,6.6,8,5,7,3,8,1
109.0,5.2,10,4,1,5,8,0
182.0,4.9,3,9,1,4,2,1
112.0,4.9,10,10,5,2,9,0
139.0,8.3,9,1,9,3,7,0
128.0,6.8,1,6,6,1,5,1
50.0,4.4,5,3,10,1,7,0
132.0,6.8,3,9,2,1,8,0
183.0,6.1,6,5,9,4,9,1
52.0,4.9,10,6,6,2,2,0
112.0,5.2,2,9,5,2,6,1
102.0,4.7,9,9,5,2,9,0
48.0,6.5,6,8,3,3,6,0
109.0,6.1,7,9,6,4,2,0
52.0,7.3,5,4,4,1,1,0
89.0,4.9,9,6,10,3,3,1
106.0,6.0,1,5,2,2,5,1
112.0,6.1,5,5,3,1,7,0
120.0,5.0,10,4,9,4,10,1
37.0,8.0,6,2,9,5,10,1
128.0,4.9,7,6,6,2,3,0
142.0,8.0,4,9,10,2,9,0
37.0,5.4,1,1,10,2,10,0
149.0,6.5,8,7,9,2,4,0
66.0,6.0,10,6,4,1,10,1
149.0,4.4,4,3,5,4,2,0
106.0,6.9,3,1,10,3,3,1
45.0,5.1,7,4,6,1,5,0
135.0,5.9,2,9,9,4,3,1
128.0,5.4,8,2,5,3,5,0
114.0,5.2,6,3,8,2,4,1
81.0,7.0,7,2,1,4,10,0
116.0,5.4,5,2,5,2,3,1
128.0,4.3,9,10,10,4,6,0
37.0,5.2,5,8,1,5,8,0
156.0,6.8,5,3,10,2,4,1
120.0,5.4,3,7,6,2,9,0
116.0,5.4,1,8,7,2,6,0
124.0,7.6,2,3,5,1,5,1
137.0,5.7,8,2,1,3,3,0
143.0,6.8,1,8,6,2,5,1
90.0,6.6,7,3,10,2,5,1
176.0,6.4,5,7,5,1,4,1
103.0,4.9,3,1,6,1,6,0
132.0,4.6,7,6,10,5,3,0
132.0,6.5,9,9,7,4,10,0
146.0,6.1,2,3,7,2,1,1
224.0,7.3,8,7,2,4,7,1
141.0,4.8,9,6,3,1,7,1
52.0,4.9,3,8,6,1,4,1
141.0,4.7,2,3,3,5,9,0
90.0,7.0,7,3,2,3,2,0
149.0,5.1,5,4,4,1,1,1
135.0,4.8,5,3,5,2,3,0
102.0,7.0,10,9,10,5,7,1
102.0,7.0,5,4,9,3,9,0
137.0,6.1,4,6,3,5,2,1
143.0,4.8,5,8,3,1,6,0
199.0,6.1,4,8,6,3,3,0
112.0,8.3,6,5,5,4,5,0
166.0,6.8,4,5,6,3,9,0
116.0,6.8,2,6,7,2,3,0
127.0,6.3,9,10,3,4,1,1
166.0,6.7,2,7,5,4,5,1
142.0,6.7,9,10,8,2,1,0
141.0,6.5,10,7,4,4,8,0
106.0,6.1,6,4,10,1,7,1
137.0,3.9,9,6,2,3,2,0
110.0,6.1,9,7,4,3,9,1
120.0,6.9,3,5,2,2,5,0
81.0,4.4,1,5,3,1,7,1
120.0,7.3,1,2,4,4,4,0
66.0,6.1,3,7,4,3,1,0
128.0,5.0,5,6,10,3,8,1
130.0,6.1,3,1,9,3,1,1
160.0,7.0,9,4,10,3,3,1
142.0,7.3,9,3,6,5,6,1
64.0,6.9,3,3,9,2,8,0
139.0,7.0,3,7,4,4,8,0
169.0,5.4,5,10,9,4,2,0
151.0,7.3,2,4,9,2,9,0
169.0,6.0,6,8,6,1,4,0
175.0,7.6,7,9,5,2,4,1
107.0,4.7,9,3,3,3,2,0
61.0,5.2,6,5,5,3,1,0
109.0,4.4,3,4,3,2,10,1
90.0,3.9,5,10,5,2,7,1
196.0,5.2,4,6,5,4,10,1
112.0,5.7,5,10,2,4,3,0
45.0,5.7,8,4,9,5,4,1
102.0,4.6,8,8,7,5,9,1
120.0,4.9,6,3,6,3,6,1
141.0,7.8,1,5,5,5,1,1
141.0,7.1,8,1,4,5,9,0
91.0,5.8,8,6,8,1,9,0
118.0,5.4,2,5,2,2,5,0
149.0,5.7,4,8,8,4,8,0
141.0,6.3,2,9,1,5,7,1
107.0,8.3,4,8,10,4,8,0
52.0,6.1,10,8,1,5,9,0
141.0,6.6,7,3,3,5,2,1
90.0,6.3,9,4,5,3,10,0
149.0,6.0,8,4,6,1,5,1
114.0,5.7,9,5,4,2,8,0
120.0,6.6,8,9,7,2,3,0
114.0,6.6,2,9,7,3,6,0
139.0,8.1,7,10,2,3,6,0
128.0,6.0,2,1,2,2,7,1
224.0,6.5,2,8,2,2,3,0
156.0,6.0,4,1,2,1,8,1
134.0,5.2,1,2,9,5,8,0
123.0,7.1,5,7,5,1,9,0
106.0,4.0,6,8,8,2,8,1
112.0,7.8,9,1,5,5,3,0
161.0,6.0,10,3,5,2,6,0
90.0,8.1,8,7,1,1,9,1
103.0,8.1,2,9,6,1,1,0
66.0,5.7,1,8,4,1,3,1
130.0,5.0,2,8,3,5,2,1
112.0,5.8,7,9,6,4,8,1
120.0,4.9,4,10,2,4,6,0
124.0,6.6,10,3,8,2,10,0
154.0,7.6,5,8,1,5,8,1
149.0,6.8,7,1,9,3,2,0
63.0,6.5,3,8,8,4,6,1
79.0,5.4,10,7,1,5,7,1
166.0,4.8,2,8,10,5,8,0
132.0,6.5,7,1,9,4,9,1
138.0,3.9,5,6,2,5,5,0
81.0,4.9,1,7,3,5,3,1
224.0,6.2,1,5,2,4,2,0
112.0,4.8,9,5,8,1,8,1
128.0,6.5,5,7,2,2,1,0
132.0,6.5,1,3,10,3,10,0
61.0,6.3,7,6,2,2,6,1
37.0,7.8,9,7,1,1,2,1
75.0,6.0,1,1,7,1,3,0
109.0,6.8,10,2,2,5,8,0
141.0,5.4,4,4,10,2,1,1
64.0,5.4,3,8,5,1,6,1
128.0,5.2,5,10,5,2,3,1
63.0,4.6,7,6,3,1,6,1
155.0,4.4,8,1,3,3,3,1
132.0,6.0,2,10,3,1,8,0
128.0,4.8,7,5,6,2,5,0
89.0,6.1,1,7,4,5,4,0
123.0,5.7,7,6,3,2,9,1
233.0,6.5,8,9,2,4,5,0
87.0,7.4,2,8,3,2,4,0
87.0,8.1,9,4,4,3,8,1
224.0,7.0,1,5,6,3,8,0
142.0,6.1,6,7,4,3,8,0
132.0,5.1,1,8,8,1,4,0
120.0,7.8,3,5,3,3,1,0
130.0,4.8,6,9,3,2,2,1
128.0,7.6,3,10,3,5,4,1
45.0,5.7,8,4,8,3,10,0
141.0,6.4,5,4,4,2,2,0
103.0,4.7,2,8,1,1,10,1
37.0,6.0,4,1,2,1,3,0
143.0,6.9,9,8,10,5,9,0
124.0,4.7,4,5,2,5,9,0
233.0,7.3,10,1,3,2,9,0
130.0,5.0,10,4,6,5,7,0
142.0,5.2,8,2,8,5,4,1
142.0,6.3,5,4,1,1,1,1
200.0,5.1,10,8,9,2,3,1
182.0,6.5,1,5,1,5,8,0
63.0,6.9,7,1,10,2,4,1
128.0,4.7,3,7,2,3,10,1
66.0,5.8,10,1,3,1,10,1
149.0,6.9,8,9,7,1,2,1
182.0,6.5,3,3,9,1,8,0
112.0,7.0,1,3,3,4,7,1
196.0,6.5,5,6,8,2,10,1
42.0,6.1,2,10,9,3,9,1
63.0,4.8,4,6,10,5,2,0
121.0,4.8,1,6,7,3,5,0
116.0,7.0,9,1,4,2,6,1
166.0,6.8,6,5,4,1,2,1
81.0,5.0,8,6,4,4,2,1
135.0,5.3,4,8,6,2,10,1
96.0,6.0,9,1,4,2,4,0
138.0,5.1,2,5,5,5,8,0
90.0,4.7,9,3,9,3,5,0
118.0,5.4,5,2,7,3,9,1
50.0,7.5,6,8,8,5,4,0
134.0,6.9,3,7,5,4,3,1
149.0,5.1,4,10,5,1,10,0
137.0,7.4,6,7,7,1,8,1
66.0,5.1,7,5,8,4,1,0
120.0,5.2,1,9,9,5,9,0
90.0,6.4,7,5,2,2,4,1
138.0,6.8,1,2,3,3,9,0
110.0,4.4,5,3,2,2,8,0
106.0,8.1,6,4,10,3,3,0
139.0,7.0,2,5,7,2,3,0
175.0,5.3,10,3,2,5,9,1
109.0,6.6,9,7,2,5,3,0
42.0,4.4,10,5,2,4,4,0
176.0,7.5,6,5,4,2,9,1
109.0,6.6,7,6,1,2,4,1
109.0,5.8,10,7,2,4,3,1
113.0,5.7,8,10,3,4,7,1
45.0,7.3,10,10,7,5,6,1
66.0,4.4,1,8,10,5,1,1
103.0,8.1,8,9,1,2,10,1
224.0,6.1,4,4,6,5,8,1
146.0,4.8,10,5,3,5,1,0
183.0,6.1,8,5,3,2,4,1
141.0,6.0,6,8,4,4,6,0
116.0,4.7,9,9,4,2,6,1
121.0,6.6,4,7,7,1,7,1
79.0,5.7,2,5,3,2,5,1
50.0,5.8,2,3,8,1,5,0
149.0,8.5,5,1,8,2,4,0
151.0,5.3,10,9,7,1,6,0
112.0,5.1,9,5,2,1,7,1
130.0,5.0,3,9,5,2,10,1
169.0,7.3,8,10,6,5,10,1
141.0,3.3,4,4,10,3,1,0
109.0,6.6,6,5,4,5,9,0
233.0,7.5,10,4,10,1,8,0
66.0,6.3,6,2,5,2,7,0
120.0,5.8,3,1,9,2,9,0
109.0,4.9,5,8,7,2,3,0
200.0,6.3,3,4,2,2,10,1
160.0,6.9,1,5,1,3,4,1
138.0,4.6,7,6,2,4,7,1
114.0,5.1,4,8,3,1,6,0
183.0,4.4,7,8,2,3,2,1
120.0,4.8,3,7,3,5,2,1
139.0,6.1,5,4,10,4,10,0
120.0,6.7,5,6,9,4,7,0
63.0,6.9,2,4,4,2,9,0
66.0,6.3,10,7,9,3,9,1
143.0,5.8,2,1,3,5,7,1
120.0,7.0,4,5,1,2,8,0
182.0,6.4,4,10,5,2,10,1
154.0,5.7,4,10,10,1,3,1
166.0,7.8,6,4,10,4,1,0
151.0,8.0,2,7,2,5,7,0
149.0,5.2,6,9,4,4,8,0
151.0,4.0,7,5,2,3,2,1
112.0,7.3,10,4,2,1,9,0
90.0,8.0,3,9,3,2,4,0
139.0,5.9,8,5,5,1,10,1
107.0,7.0,2,9,4,2,9,0
106.0,4.8,8,8,2,1,3,1
90.0,3.5,5,4,10,2,8,1
169.0,7.0,2,7,2,4,2,1
81.0,6.0,7,5,6,4,3,1
141.0,7.5,2,10,7,4,1,1
199.0,4.8,6,4,10,4,5,1
135.0,6.5,10,5,6,1,4,1
42.0,4.9,3,5,7,2,1,1
81.0,4.9,9,9,1,4,10,0
120.0,6.1,3,9,6,1,9,1
132.0,6.0,3,6,3,2,6,1
141.0,6.3,5,4,1,1,6,0
155.0,6.9,7,2,8,4,2,0
151.0,8.3,8,3,4,3,7,1
89.0,7.5,7,2,10,1,9,0
140.0,6.8,9,5,8,4,6,1
139.0,7.3,5,6,10,5,8,0
103.0,4.7,10,5,4,2,5,1
114.0,6.5,3,2,4,4,2,1
121.0,5.7,6,5,10,5,4,1
102.0,7.8,5,9,4,1,1,0
100.0,6.0,4,4,6,1,1,1
120.0,7.6,2,10,9,5,6,0
90.0,4.8,7,2,5,5,2,1
112.0,4.4,5,3,10,2,6,0
160.0,4.8,4,3,8,1,1,1
121.0,6.8,8,9,8,5,10,1
63.0,6.4,9,4,4,3,3,0
130.0,7.1,9,1,10,3,9,1
176.0,4.6,3,1,9,5,2,1
132.0,6.8,3,7,9,2,8,1
123.0,7.0,5,7,5,1,6,1
142.0,6.0,5,2,6,3,6,1
121.0,8.3,10,9,5,5,7,1
64.0,5.4,2,9,3,5,5,0
132.0,6.6,1,5,8,4,4,0
182.0,6.1,8,3,9,5,6,1
128.0,4.9,3,3,4,2,8,0
113.0,7.1,1,3,9,3,4,0
149.0,8.1,1,6,9,4,5,0
66.0,6.3,2,4,7,3,7,0
120.0,6.5,6,8,8,3,6,1
66.0,5.0,6,5,3,2,4,1
110.0,7.3,3,1,5,5,4,0
199.0,5.3,4,9,3,2,10,1
166.0,5.2,2,1,7,5,4,0
134.0,5.2,2,6,6,4,1,1
139.0,4.9,7,1,3,2,5,0
156.0,5.4,1,3,9,2,8,0
90.0,5.2,7,10,1,1,7,1
166.0,8.1,1,5,10,2,5,1
151.0,4.9,6,10,3,1,3,1
130.0,7.3,3,7,10,5,1,1
168.0,7.5,8,10,7,5,7,1
138.0,7.1,6,8,3,5,3,1
196.0,4.8,2,9,3,1,4,1
50.0,6.4,8,6,2,5,5,0
116.0,6.1,5,9,9,3,8,1
149.0,6.9,8,8,4,2,7,1
175.0,6.1,8,9,10,1,9,1
132.0,8.3,6,10,6,5,3,0
154.0,7.0,2,4,2,3,10,0
176.0,5.4,8,9,9,2,1,1
42.0,7.6,6,7,7,2,1,0
120.0,4.8,6,5,10,5,10,1
114.0,4.8,8,5,5,3,1,1
37.0,7.1,1,1,7,1,2,1
130.0,4.0,2,2,4,5,2,0
132.0,5.8,9,10,10,2,7,1
132.0,6.5,8,3,7,2,9,1
132.0,6.6,7,8,2,2,8,1
66.0,4.9,7,6,7,5,4,0
87.0,4.4,5,10,4,4,2,0
91.0,6.0,2,5,4,4,3,0
140.0,5.0,6,1,1,4,10,1
169.0,5.3,10,9,3,3,5,0
168.0,5.8,3,3,5,5,9,0
120.0,4.9,4,3,5,2,8,1
61.0,5.2,10,2,2,3,3,0
149.0,7.1,2,4,4,4,9,1
66.0,8.5,2,2,1,1,10,1
132.0,8.0,8,9,9,3,3,0
112.0,6.3,8,10,1,3,10,1
65.0,3.3,10,7,6,5,8,0
61.0,7.4,6,8,7,3,1,0
132.0,5.2,5,3,3,5,4,0
224.0,6.4,8,6,1,1,4,0
127.0,7.3,4,10,7,2,6,0
132.0,5.4,4,6,3,2,2,0
52.0,5.7,5,1,10,4,7,1
116.0,6.8,1,6,6,4,5,1
121.0,6.1,1,3,6,1,10,0
132.0,4.0,2,3,4,2,6,1
90.0,6.0,8,3,6,4,6,1
130.0,4.8,7,10,10,3,6,0
141.0,4.9,10,10,4,5,10,1
132.0,4.8,9,8,8,4,8,0
87.0,4.0,5,5,9,1,10,0
149.0,5.2,2,4,2,2,4,1
112.0,6.2,7,9,7,1,10,0
107.0,4.8,8,9,9,5,8,1
100.0,3.9,7,1,9,5,9,0
128.0,5.2,7,2,5,1,4,0
112.0,6.8,5,8,1,4,1,1
112.0,4.7,2,5,6,4,3,0
100.0,6.9,6,7,8,2,1,1
138.0,5.2,4,1,1,2,7,1
102.0,6.3,10,10,2,3,1,1
37.0,5.4,2,5,1,3,4,1
151.0,7.0,9,3,5,2,1,1
87.0,6.3,7,10,2,3,2,0
169.0,3.9,6,2,10,1,1,0
112.0,6.8,5,2,10,4,5,1
130.0,5.4,3,9,4,3,7,1
128.0,8.5,10,4,1,3,3,1
128.0,6.5,10,4,7,1,8,1
100.0,6.4,4,7,8,5,5,1
161.0,5.7,3,10,5,2,5,0
61.0,6.1,8,10,2,1,5,0
200.0,5.0,3,2,8,5,8,0
141.0,4.6,7,3,1,1,2,1
141.0,8.0,7,3,7,4,2,0
103.0,6.5,7,6,1,1,8,0
183.0,7.5,7,3,6,1,9,1
102.0,5.1,2,5,6,4,10,1
112.0,7.3,10,4,5,2,10,1
114.0,7.4,3,3,2,5,2,0
154.0,7.5,10,8,2,3,4,0
65.0,4.9,9,10,9,2,8,1
61.0,6.0,3,3,5,1,2,1
139.0,4.3,2,6,5,3,4,0
224.0,8.1,9,7,7,4,10,1
120.0,7.6,10,7,6,2,1,1
132.0,5.3,9,2,2,5,2,1
132.0,5.0,4,3,1,2,7,0
114.0,4.7,9,10,5,2,1,1
110.0,6.1,3,10,4,3,1,1
103.0,7.6,7,4,3,4,2,1
120.0,7.6,7,7,2,4,4,0
114.0,7.3,8,2,10,2,7,0
50.0,7.5,10,3,2,4,4,0
